row_id,user_id
0,user_0001
1,user_0002
2,user_0003
3,user_0004
4,user_0005
5,user_0006
6,user_0007
7,user_0008
8,user_0009
9,user_0010
10,user_0011
11,user_0012
12,user_0013
13,user_0014
14,user_0015
15,user_0016
16,user_0017
17,user_0018
18,user_0019
19,user_0020
20,user_0021
21,user_0022
22,user_0023
23,user_0024
24,user_0025
25,user_0026
26,user_0027
27,user_0028
28,user_0029
29,user_0030
30,user_0031
31,user_0032
32,user_0033
33,user_0034
34,user_0035
35,user_0036
36,user_0037
37,user_0038
38,user_0039
39,user_0040
40,user_0041
41,user_0042
42,user_0043
43,user_0044
44,user_0045
45,user_0046
46,user_0047
47,user_0048
48,user_0049
49,user_0050
50,user_0051
51,user_0052
52,user_0053
53,user_0054
54,user_0055
55,user_0056
56,user_0057
57,user_0058
58,user_0059
59,user_0060
60,user_0061
61,user_0062
62,user_0063
63,user_0064
64,user_0065
65,user_0066
66,user_0067
67,user_0068
68,user_0069
69,user_0070
70,user_0071
71,user_0072
72,user_0073
73,user_0074
74,user_0075
75,user_0076
76,user_0077
77,user_0078
78,user_0079
79,user_0080
80,user_0081
81,user_0082
82,user_0083
83,user_0084
84,user_0085
85,user_0086
86,user_0087
87,user_0088
88,user_0089
89,user_0090
90,user_0091
91,user_0092
92,user_0093
93,user_0094
94,user_0095
95,user_0096
96,user_0097
97,user_0098
98,user_0099
99,user_0100
100,user_0101
101,user_0102
102,user_0103
103,user_0104
104,user_0105
105,user_0106
106,user_0107
107,user_0108
108,user_0109
109,user_0110
110,user_0111
111,user_0112
112,user_0113
113,user_0114
114,user_0115
115,user_0116
116,user_0117
117,user_0118
118,user_0119
119,user_0120
120,user_0121
121,user_0122
122,user_0123
123,user_0124
124,user_0125
125,user_0126
126,user_0127
127,user_0128
128,user_0129
129,user_0130
130,user_0131
131,user_0132
132,user_0133
133,user_0134
134,user_0135
135,user_0136
136,user_0137
137,user_0138
138,user_0139
139,user_0140
140,user_0141
141,user_0142
142,user_0143
143,user_0144
144,user_0145
145,user_0146
146,user_0147
147,user_0148
148,user_0149
149,user_0150
150,user_0151
151,user_0152
152,user_0153
153,user_0154
154,user_0155
155,user_0156
156,user_0157
157,user_0158
158,user_0159
159,user_0160
160,user_0161
161,user_0162
162,user_0163
163,user_0164
164,user_0165
165,user_0166
166,user_0167
167,user_0168
168,user_0169
169,user_0170
170,user_0171
171,user_0172
172,user_0173
173,user_0174
174,user_0175
175,user_0176
176,user_0177
177,user_0178
178,user_0179
179,user_0180
180,user_0181
181,user_0182
182,user_0183
183,user_0184
184,user_0185
185,user_0186
186,user_0187
187,user_0188
188,user_0189
189,user_0190
190,user_0191
191,user_0192
192,user_0193
193,user_0194
194,user_0195
195,user_0196
196,user_0197
197,user_0198
198,user_0199
199,user_0200
200,user_0201
201,user_0202
202,user_0203
203,user_0204
204,user_0205
205,user_0206
206,user_0207
207,user_0208
208,user_0209
209,user_0210
210,user_0211
211,user_0212
212,user_0213
213,user_0214
214,user_0215
215,user_0216
216,user_0217
217,user_0218
218,user_0219
219,user_0220
220,user_0221
221,user_0222
222,user_0223
223,user_0224
224,user_0225
225,user_0226
226,user_0227
227,user_0228
228,user_0229
229,user_0230
230,user_0231
231,user_0232
232,user_0233
233,user_0234
234,user_0235
235,user_0236
236,user_0237
237,user_0238
238,user_0239
239,user_0240
240,user_0241
241,user_0242
242,user_0243
243,user_0244
244,user_0245
245,user_0246
246,user_0247
247,user_0248
248,user_0249
249,user_0250
250,user_0251
251,user_0252
252,user_0253
253,user_0254
254,user_0255
255,user_0256
256,user_0257
257,user_0258
258,user_0259
259,user_0260
260,user_0261
261,user_0262
262,user_0263
263,user_0264
264,user_0265
265,user_0266
266,user_0267
267,user_0268
268,user_0269
269,user_0270
270,user_0271
271,user_0272
272,user_0273
273,user_0274
274,user_0275
275,user_0276
276,user_0277
277,user_0278
278,user_0279
279,user_0280
280,user_0281
281,user_0282
282,user_0283
283,user_0284
284,user_0285
285,user_0286
286,user_0287
287,user_0288
288,user_0289
289,user_0290
290,user_0291
291,user_0292
292,user_0293
293,user_0294
294,user_0295
295,user_0296
296,user_0297
297,user_0298
298,user_0299
299,user_0300
300,user_0301
301,user_0302
302,user_0303
303,user_0304
304,user_0305
305,user_0306
306,user_0307
307,user_0308
308,user_0309
309,user_0310
310,user_0311
311,user_0312
312,user_0313
313,user_0314
314,user_0315
315,user_0316
316,user_0317
317,user_0318
318,user_0319
319,user_0320
320,user_0321
321,user_0322
322,user_0323
323,user_0324
324,user_0325
325,user_0326
326,user_0327
327,user_0328
328,user_0329
329,user_0330
330,user_0331
331,user_0332
332,user_0333
333,user_0334
334,user_0335
335,user_0336
336,user_0337
337,user_0338
338,user_0339
339,user_0340
340,user_0341
341,user_0342
342,user_0343
343,user_0344
344,user_0345
345,user_0346
346,user_0347
347,user_0348
348,user_0349
349,user_0350
350,user_0351
351,user_0352
352,user_0353
353,user_0354
354,user_0355
355,user_0356
356,user_0357
357,user_0358
358,user_0359
359,user_0360
360,user_0361
361,user_0362
362,user_0363
363,user_0364
364,user_0365
365,user_0366
366,user_0367
367,user_0368
368,user_0369
369,user_0370
370,user_0371
371,user_0372
372,user_0373
373,user_0374
374,user_0375
375,user_0376
376,user_0377
377,user_0378
378,user_0379
379,user_0380
380,user_0381
381,user_0382
382,user_0383
383,user_0384
384,user_0385
385,user_0386
386,user_0387
387,user_0388
388,user_0389
389,user_0390
390,user_0391
391,user_0392
392,user_0393
393,user_0394
394,user_0395
395,user_0396
396,user_0397
397,user_0398
398,user_0399
399,user_0400
400,user_0401
401,user_0402
402,user_0403
403,user_0404
404,user_0405
405,user_0406
406,user_0407
407,user_0408
408,user_0409
409,user_0410
410,user_0411
411,user_0412
412,user_0413
413,user_0414
414,user_0415
415,user_0416
416,user_0417
417,user_0418
418,user_0419
419,user_0420
420,user_0421
421,user_0422
422,user_0423
423,user_0424
424,user_0425
425,user_0426
426,user_0427
427,user_0428
428,user_0429
429,user_0430
430,user_0431
431,user_0432
432,user_0433
433,user_0434
434,user_0435
435,user_0436
436,user_0437
437,user_0438
438,user_0439
439,user_0440
440,user_0441
441,user_0442
442,user_0443
443,user_0444
444,user_0445
445,user_0446
446,user_0447
447,user_0448
448,user_0449
449,user_0450
450,user_0451
451,user_0452
452,user_0453
453,user_0454
454,user_0455
455,user_0456
456,user_0457
457,user_0458
458,user_0459
459,user_0460
460,user_0461
461,user_0462
462,user_0463
463,user_0464
464,user_0465
465,user_0466
466,user_0467
467,user_0468
468,user_0469
469,user_0470
470,user_0471
471,user_0472
472,user_0473
473,user_0474
474,user_0475
475,user_0476
476,user_0477
477,user_0478
478,user_0479
479,user_0480
480,user_0481
481,user_0482
482,user_0483
483,user_0484
484,user_0485
485,user_0486
486,user_0487
487,user_0488
488,user_0489
489,user_0490
490,user_0491
491,user_0492
492,user_0493
493,user_0494
494,user_0495
495,user_0496
496,user_0497
497,user_0498
498,user_0499
499,user_0500
500,user_0501
501,user_0502
502,user_0503
503,user_0504
504,user_0505
505,user_0506
506,user_0507
507,user_0508
508,user_0509
509,user_0510
510,user_0511
511,user_0512
512,user_0513
513,user_0514
514,user_0515
515,user_0516
516,user_0517
517,user_0518
518,user_0519
519,user_0520
520,user_0521
521,user_0522
522,user_0523
523,user_0524
524,user_0525
525,user_0526
526,user_0527
527,user_0528
528,user_0529
529,user_0530
530,user_0531
531,user_0532
532,user_0533
533,user_0534
534,user_0535
535,user_0536
536,user_0537
537,user_0538
538,user_0539
539,user_0540
540,user_0541
541,user_0542
542,user_0543
543,user_0544
544,user_0545
545,user_0546
546,user_0547
547,user_0548
548,user_0549
549,user_0550
550,user_0551
551,user_0552
552,user_0553
553,user_0554
554,user_0555
555,user_0556
556,user_0557
557,user_0558
558,user_0559
559,user_0560
560,user_0561
561,user_0562
562,user_0563
563,user_0564
564,user_0565
565,user_0566
566,user_0567
567,user_0568
568,user_0569
569,user_0570
570,user_0571
571,user_0572
572,user_0573
573,user_0574
574,user_0575
575,user_0576
576,user_0577
577,user_0578
578,user_0579
579,user_0580
580,user_0581
581,user_0582
582,user_0583
583,user_0584
584,user_0585
585,user_0586
586,user_0587
587,user_0588
588,user_0589
589,user_0590
590,user_0591
591,user_0592
592,user_0593
593,user_0594
594,user_0595
595,user_0596
596,user_0597
597,user_0598
598,user_0599
599,user_0600
600,user_0601
601,user_0602
602,user_0603
603,user_0604
604,user_0605
605,user_0606
606,user_0607
607,user_0608
608,user_0609
609,user_0610
610,user_0611
611,user_0612
612,user_0613
613,user_0614
614,user_0615
615,user_0616
616,user_0617
617,user_0618
618,user_0619
619,user_0620
620,user_0621
621,user_0622
622,user_0623
623,user_0624
624,user_0625
625,user_0626
626,user_0627
627,user_0628
628,user_0629
629,user_0630
630,user_0631
631,user_0632
632,user_0633
633,user_0634
634,user_0635
635,user_0636
636,user_0637
637,user_0638
638,user_0639
639,user_0640
640,user_0641
641,user_0642
642,user_0643
643,user_0644
644,user_0645
645,user_0646
646,user_0647
647,user_0648
648,user_0649
649,user_0650
650,user_0651
651,user_0652
652,user_0653
653,user_0654
654,user_0655
655,user_0656
656,user_0657
657,user_0658
658,user_0659
659,user_0660
660,user_0661
661,user_0662
662,user_0663
663,user_0664
664,user_0665
665,user_0666
666,user_0667
667,user_0668
668,user_0669
669,user_0670
670,user_0671
671,user_0672
672,user_0673
673,user_0674
674,user_0675
675,user_0676
676,user_0677
677,user_0678
678,user_0679
679,user_0680
680,user_0681
681,user_0682
682,user_0683
683,user_0684
684,user_0685
685,user_0686
686,user_0687
687,user_0688
688,user_0689
689,user_0690
690,user_0691
691,user_0692
692,user_0693
693,user_0694
694,user_0695
695,user_0696
696,user_0697
697,user_0698
698,user_0699
699,user_0700
700,user_0701
701,user_0702
702,user_0703
703,user_0704
704,user_0705
705,user_0706
706,user_0707
707,user_0708
708,user_0709
709,user_0710
710,user_0711
711,user_0712
712,user_0713
713,user_0714
714,user_0715
715,user_0716
716,user_0717
717,user_0718
718,user_0719
719,user_0720
720,user_0721
721,user_0722
722,user_0723
723,user_0724
724,user_0725
725,user_0726
726,user_0727
727,user_0728
728,user_0729
729,user_0730
730,user_0731
731,user_0732
732,user_0733
733,user_0734
734,user_0735
735,user_0736
736,user_0737
737,user_0738
738,user_0739
739,user_0740
740,user_0741
741,user_0742
742,user_0743
743,user_0744
744,user_0745
745,user_0746
746,user_0747
747,user_0748
748,user_0749
749,user_0750
750,user_0751
751,user_0752
752,user_0753
753,user_0754
754,user_0755
755,user_0756
756,user_0757
757,user_0758
758,user_0759
759,user_0760
760,user_0761
761,user_0762
762,user_0763
763,user_0764
764,user_0765
765,user_0766
766,user_0767
767,user_0768
768,user_0769
769,user_0770
770,user_0771
771,user_0772
772,user_0773
773,user_0774
774,user_0775
775,user_0776
776,user_0777
777,user_0778
778,user_0779
779,user_0780
780,user_0781
781,user_0782
782,user_0783
783,user_0784
784,user_0785
785,user_0786
786,user_0787
787,user_0788
788,user_0789
789,user_0790
790,user_0791
791,user_0792
792,user_0793
793,user_0794
794,user_0795
795,user_0796
796,user_0797
797,user_0798
798,user_0799
799,user_0800
800,user_0801
801,user_0802
802,user_0803
803,user_0804
804,user_0805
805,user_0806
806,user_0807
807,user_0808
808,user_0809
809,user_0810
810,user_0811
811,user_0812
812,user_0813
813,user_0814
814,user_0815
815,user_0816
816,user_0817
817,user_0818
818,user_0819
819,user_0820
820,user_0821
821,user_0822
822,user_0823
823,user_0824
824,user_0825
825,user_0826
826,user_0827
827,user_0828
828,user_0829
829,user_0830
830,user_0831
831,user_0832
832,user_0833
833,user_0834
834,user_0835
835,user_0836
836,user_0837
837,user_0838
838,user_0839
839,user_0840
840,user_0841
841,user_0842
842,user_0843
843,user_0844
844,user_0845
845,user_0846
846,user_0847
847,user_0848
848,user_0849
849,user_0850
850,user_0851
851,user_0852
852,user_0853
853,user_0854
854,user_0855
855,user_0856
856,user_0857
857,user_0858
858,user_0859
859,user_0860
860,user_0861
861,user_0862
862,user_0863
863,user_0864
864,user_0865
865,user_0866
866,user_0867
867,user_0868
868,user_0869
869,user_0870
870,user_0871
871,user_0872
872,user_0873
873,user_0874
874,user_0875
875,user_0876
876,user_0877
877,user_0878
878,user_0879
879,user_0880
880,user_0881
881,user_0882
882,user_0883
883,user_0884
884,user_0885
885,user_0886
886,user_0887
887,user_0888
888,user_0889
889,user_0890
890,user_0891
891,user_0892
892,user_0893
893,user_0894
894,user_0895
895,user_0896
896,user_0897
897,user_0898
898,user_0899
899,user_0900
900,user_0901
901,user_0902
902,user_0903
903,user_0904
904,user_0905
905,user_0906
906,user_0907
907,user_0908
908,user_0909
909,user_0910
910,user_0911
911,user_0912
912,user_0913
913,user_0914
914,user_0915
915,user_0916
916,user_0917
917,user_0918
918,user_0919
919,user_0920
920,user_0921
921,user_0922
922,user_0923
923,user_0924
924,user_0925
925,user_0926
926,user_0927
927,user_0928
928,user_0929
929,user_0930
930,user_0931
931,user_0932
932,user_0933
933,user_0934
934,user_0935
935,user_0936
936,user_0937
937,user_0938
938,user_0939
939,user_0940
940,user_0941
941,user_0942
942,user_0943
943,user_0944
944,user_0945
945,user_0946
946,user_0947
947,user_0948
948,user_0949
949,user_0950
950,user_0951
951,user_0952
952,user_0953
953,user_0954
954,user_0955
955,user_0956
956,user_0957
957,user_0958
958,user_0959
959,user_0960
960,user_0961
961,user_0962
962,user_0963
963,user_0964
964,user_0965
965,user_0966
966,user_0967
967,user_0968
968,user_0969
969,user_0970
970,user_0971
971,user_0972
972,user_0973
973,user_0974
974,user_0975
975,user_0976
976,user_0977
977,user_0978
978,user_0979
979,user_0980
980,user_0981
981,user_0982
982,user_0983
983,user_0984
984,user_0985
985,user_0986
986,user_0987
987,user_0988
988,user_0989
989,user_0990
990,user_0991
991,user_0992
992,user_0993
993,user_0994
994,user_0995
995,user_0996
996,user_0997
997,user_0998
998,user_0999
999,user_1000
