user_id,t8_correct_gpt4o,truncated_T8_relpath,truncated_T8_sha256,summary_T8_relpath,summary_T8_sha256
user_043ea160,True,data/esrc/pool_en/truncated_queries/T8/user_043ea160.txt,90a90cc54d36437febd147628ba220075ff73bb11fe257251350da41481c429b,data/esrc/pool_en/summaries/T8/user_043ea160.txt,f648ba9c622895256fae3482b4ba19c14ed31b32df0d122d1f73b6d98ba31f63
user_07cb458d,False,data/esrc/pool_en/truncated_queries/T8/user_07cb458d.txt,fe89a792a79208dd4948a61a66bdf93213634c6081f0d7ae28d00dc39d405cd6,data/esrc/pool_en/summaries/T8/user_07cb458d.txt,c11549d3f75dae1bcb35946648ce2d106a05844066ccdec5771ae506b9f7cf1a
user_11e8421f,True,data/esrc/pool_en/truncated_queries/T8/user_11e8421f.txt,fe85625c1adf1d45fc9244c782d74311a0704d9ef39272957a527328fa5e7cd4,data/esrc/pool_en/summaries/T8/user_11e8421f.txt,8371cbf58ef05afd4e87e51b9efc83afa19ac7f48cc48c56f5fb669d44ebd36a
user_126670d7,True,data/esrc/pool_en/truncated_queries/T8/user_126670d7.txt,969bf889d44d887c3499c369c5ab84e38ee81b6d85dd3e27cf744d93fcfa2b7d,data/esrc/pool_en/summaries/T8/user_126670d7.txt,fa9b2718e18c2f77d5f9cef173524a98e76ac2d3a13ea6046b5fc9fbea1599a4
user_13fb2e34,True,data/esrc/pool_en/truncated_queries/T8/user_13fb2e34.txt,801452f174ffd9d32d2669b8746c1c76b9dac4c47581b48b0549d42b170e10cf,data/esrc/pool_en/summaries/T8/user_13fb2e34.txt,1948c74cc54bea49f9b295c6b0f45eaf95400a08c36dcd43ee01662066998448
user_159646d5,True,data/esrc/pool_en/truncated_queries/T8/user_159646d5.txt,3aeb2fa06b61b49b9a8d0448494d955e058a1524a38eeac6053f495420698e28,data/esrc/pool_en/summaries/T8/user_159646d5.txt,43741cf939543c1a6c030dc6769c0aad578215e9e8101d4ea8e689abde7c622e
user_16b87e34,True,data/esrc/pool_en/truncated_queries/T8/user_16b87e34.txt,3d0f803fddbf660d1c6581f796e087253f19e77b4aaf88266daf5eb4982edece,data/esrc/pool_en/summaries/T8/user_16b87e34.txt,2caaaf4780a9be8a5831bef3cd4f607fb5d66031c149e1d731fd9da01d1d8bc9
user_19641691,True,data/esrc/pool_en/truncated_queries/T8/user_19641691.txt,4ef98d5e2f05c4226ef370c44968c5d8e756244d9d83178df2693bcdec31e7da,data/esrc/pool_en/summaries/T8/user_19641691.txt,e541847dc1526f92706d47dbdee4871c88c7efa5aa1607337562cff9243756e1
user_1b2d69c1,True,data/esrc/pool_en/truncated_queries/T8/user_1b2d69c1.txt,92964d368674b0cf8cdabe17b73176df11b1edfda806c2dac2c02392c483ebd4,data/esrc/pool_en/summaries/T8/user_1b2d69c1.txt,46be19c8cc7756e0ebeaf7e23f166e3e41faa01fa4632a53a3f94a4050335deb
user_1d775dd8,False,data/esrc/pool_en/truncated_queries/T8/user_1d775dd8.txt,01d8d9b509d48cd38bf069867b751e8aa21f3e7ef7db236abfeace628fc9b781,data/esrc/pool_en/summaries/T8/user_1d775dd8.txt,d5d23f7b80d7c0689452104d0d9427a72bd1aa037780297511d83074b6c31e45
user_1e302679,True,data/esrc/pool_en/truncated_queries/T8/user_1e302679.txt,e09619c2d83bf10f1c9419b83b1f03784b4866281d3d6fb800f7cf01d233ccff,data/esrc/pool_en/summaries/T8/user_1e302679.txt,f11c54db7708cfe584d0ffa10cbcca296d242f542caced6845dc35afaba47df2
user_1f636ddc,False,data/esrc/pool_en/truncated_queries/T8/user_1f636ddc.txt,a77f162645ef3964d137e9dfd54378cfd47ea9164050096f74251bd0d658df7e,data/esrc/pool_en/summaries/T8/user_1f636ddc.txt,f33efe36800ded43df1893103df4abbd54fa6cb489336d490c5202474136ba64
user_2373103d,False,data/esrc/pool_en/truncated_queries/T8/user_2373103d.txt,a38efd852f66b15b8ad4e21509b4e77f750d18a98c626bd2196a40f8d6b3889e,data/esrc/pool_en/summaries/T8/user_2373103d.txt,51cb5978615b0f37654a6383a45552666f8fee4e6acdbdee9bbf0d2623dc0f40
user_2c3eb234,True,data/esrc/pool_en/truncated_queries/T8/user_2c3eb234.txt,d2618c114f5e0587c73ee793328f38c7f31c1305940a7a655955617959065f7c,data/esrc/pool_en/summaries/T8/user_2c3eb234.txt,2cb7259faeea94f4a93332599230648e4e609f536f6540abad4c49260c38a929
user_2dd189e3,False,data/esrc/pool_en/truncated_queries/T8/user_2dd189e3.txt,e7fde904e22e2cc9e8078b69cc65e207e5739d82388ae2c22189899ad6d6acdb,data/esrc/pool_en/summaries/T8/user_2dd189e3.txt,81975520a478ae256d156f363d0f1256e3cf93af4affc723aa9eba11fa01d216
user_3049510b,False,data/esrc/pool_en/truncated_queries/T8/user_3049510b.txt,7d2851dcb126e1c13102dd39e8cfbd957c4b22f2bd6615f998069ee7166e4568,data/esrc/pool_en/summaries/T8/user_3049510b.txt,ec93d3504c8d2faded3bb446d5ab54d313ab200eecaac102d3bab00e1266986b
user_30802254,True,data/esrc/pool_en/truncated_queries/T8/user_30802254.txt,7ac1dc499f6a632b63555eab358d18c12a351d3a467b9f369dd64057c54c0087,data/esrc/pool_en/summaries/T8/user_30802254.txt,3feacdaf054561b296ddead85ac66cca899fe5779c4b96d7cb1199fe509af39d
user_3121653d,False,data/esrc/pool_en/truncated_queries/T8/user_3121653d.txt,5d27abcb77c718db6196bc5e8ae794def56d93cfab66c89cfd0374e10003c48b,data/esrc/pool_en/summaries/T8/user_3121653d.txt,f099077224ceef428835cec0b1a324be902621129d9e5708c847e285479efbb2
user_3353b96b,True,data/esrc/pool_en/truncated_queries/T8/user_3353b96b.txt,06170d331a18456b36c9ba2ec8992413345e0c6178abdcfadb2d6dea722c3f63,data/esrc/pool_en/summaries/T8/user_3353b96b.txt,01fc13cf9538b750f34ae0ce9f41a23e09a5047d01670db5ece1366fd79aa2a1
user_36dd1253,False,data/esrc/pool_en/truncated_queries/T8/user_36dd1253.txt,27a45a2bd89f3401763d0c82b0b2be7da2bedf263a5694c61563c26e8ba5c23f,data/esrc/pool_en/summaries/T8/user_36dd1253.txt,bec0a7c1eda7b088a9dc3260c107d39d025668112a170c3af63e4be7baebbf7a
user_476670f9,False,data/esrc/pool_en/truncated_queries/T8/user_476670f9.txt,ecbf3789d1a70626b28445c8d1734acb68cfd98f0eebd2790748c534fbbd2a1f,data/esrc/pool_en/summaries/T8/user_476670f9.txt,0b507c04a928740efaa4fd8241f2fa005997258da3aa8b28fba6856e6ba462f5
user_529e3009,True,data/esrc/pool_en/truncated_queries/T8/user_529e3009.txt,7d96181661d84cbcc7ff799434ed441457c267212f75591b563e56fffd7ffec8,data/esrc/pool_en/summaries/T8/user_529e3009.txt,daa906c6420e2be2c217abac41ccc684ed27929d571794a1f316d01948756f68
user_5a6c91dd,False,data/esrc/pool_en/truncated_queries/T8/user_5a6c91dd.txt,d34f7ee9846ec3832f245cace75ed46c94f5fcc69ee8380717b4bc646d83aedd,data/esrc/pool_en/summaries/T8/user_5a6c91dd.txt,eac55a0d05f080644793c95a484b15b5be7ee2f99d00c0a8a6a81c7a7333c826
user_6476648d,False,data/esrc/pool_en/truncated_queries/T8/user_6476648d.txt,937610e4d5afa8da5141465c51b4dded02e317253e0d5978ecffbe20a361525a,data/esrc/pool_en/summaries/T8/user_6476648d.txt,3d0c4f0b52d7a31def56a4a3bf98074392e45e634a7c4192dd17403281676ed9
user_68349053,True,data/esrc/pool_en/truncated_queries/T8/user_68349053.txt,450fb1ca1b14ffa273ae3d6558a868ca373f66b2561de3130aea2c3614db3fa8,data/esrc/pool_en/summaries/T8/user_68349053.txt,08555b6c18b913baadb19554789ad4ab3ae72749b8e55a757b4b9b8427f45e1f
user_69193575,True,data/esrc/pool_en/truncated_queries/T8/user_69193575.txt,33d4147e7ac4415db7453e909eb210aade69dd369075031da9c7db873e2aabde,data/esrc/pool_en/summaries/T8/user_69193575.txt,78ee1abfa0d1994224ba048abff1779bad93ecd7dbcc01bbdafb0de1bc1431b0
user_69df6330,False,data/esrc/pool_en/truncated_queries/T8/user_69df6330.txt,bd93457ef0dc9da81965d66c2337ed8c1abe38fcdd110dfd51343b096140393d,data/esrc/pool_en/summaries/T8/user_69df6330.txt,b4c7f4ee205012343368ae9a06b2253d589247583b7416a5140b982d0f4359ae
user_72bed676,True,data/esrc/pool_en/truncated_queries/T8/user_72bed676.txt,43e35af329d781b04da0bb6241fafa367881c760b8f1e78ecc3d9d9d119372ba,data/esrc/pool_en/summaries/T8/user_72bed676.txt,a194f27d1f3a62432274a66ecc4081d47c4291a8d3fa42dff3f27506bce8bb16
user_75905116,False,data/esrc/pool_en/truncated_queries/T8/user_75905116.txt,14d0f7d0066dbddc3cb39d8e1989b128d984fe68f8f6c4d7c37e1edb1c945163,data/esrc/pool_en/summaries/T8/user_75905116.txt,536f9937071a740d7b916d5596eb13f45a4ee69e41adf5b2cb61ccd621ce968e
user_7924afc9,True,data/esrc/pool_en/truncated_queries/T8/user_7924afc9.txt,4d9e9f6b35ec084bc2587092e593c301c937e9f783fe9ae9158a62d7a5ceea31,data/esrc/pool_en/summaries/T8/user_7924afc9.txt,8bb54f0057a0058f0ab56ec9b657d56c9f4cfd6852d6e7f34f876c2c040b03a9
user_7c7220a4,False,data/esrc/pool_en/truncated_queries/T8/user_7c7220a4.txt,b9de01fcbd3e00d2bc289f90e4ced1c5334a4c8f830242363c3657b93637c75c,data/esrc/pool_en/summaries/T8/user_7c7220a4.txt,5b04313e6f6b67c3dd07dae542acb009fef0f62e1252c1319bf9200b2dab04f9
user_7fd91653,True,data/esrc/pool_en/truncated_queries/T8/user_7fd91653.txt,463285adc9109358a6bb3830a8d20a82ef8a6f59df646a659233ee15a40992c9,data/esrc/pool_en/summaries/T8/user_7fd91653.txt,5700c45984971e6dd18a9d0da4b05625cb487c882b5bd56e6526beec1aa99f53
user_84fe1a7a,True,data/esrc/pool_en/truncated_queries/T8/user_84fe1a7a.txt,e9bd859c53310b8f2c39e16f5f3b649f51e170e8701f67b94979d4e5e58e48fb,data/esrc/pool_en/summaries/T8/user_84fe1a7a.txt,ed1ada93a488a3514844d1fbcbffb255a3d2e7c66b999a3ed166b4fca4af995c
user_8eac0a68,False,data/esrc/pool_en/truncated_queries/T8/user_8eac0a68.txt,2bf8e5cee53234e6b4b967d336a1dc83daaa55042844496dd2bc6b445331642b,data/esrc/pool_en/summaries/T8/user_8eac0a68.txt,3b26eab78bf2830808ddfd1cf1d81a6d0695931006be87abcd4182bfc4c5fa3f
user_903329bb,False,data/esrc/pool_en/truncated_queries/T8/user_903329bb.txt,45807d87d1e5b1ca4d4d0bbedad7b38918de8a018b012867038278bfc4e0b59f,data/esrc/pool_en/summaries/T8/user_903329bb.txt,fd8780d8acd3da5f5be1a788e797b2592af2358626851723571495b65d96b87e
user_97330742,False,data/esrc/pool_en/truncated_queries/T8/user_97330742.txt,687c279cfa8c7d07e7ea6c27313557ffbd172f73c90b38853b55c32ff224774a,data/esrc/pool_en/summaries/T8/user_97330742.txt,a47a672ecf1e7f3e4d01eb9d1da6abdb0b3aee949e16bef2f1819b1e1ac8c506
user_99c67f2f,True,data/esrc/pool_en/truncated_queries/T8/user_99c67f2f.txt,680e8ea12c73b80e65ae89af65f51ad0b587302a04e80603b389a0dd6a4068e5,data/esrc/pool_en/summaries/T8/user_99c67f2f.txt,aaac1cb58d63526c9c4cf04b544d51c8b6cbe8e5fee2ec840b72b68323ea7608
user_a1b097c2,True,data/esrc/pool_en/truncated_queries/T8/user_a1b097c2.txt,5388ebfcc1753c256b8f35d739da31effab0e17293b57551b4440208fc90907d,data/esrc/pool_en/summaries/T8/user_a1b097c2.txt,81c01a2445cdac75a0ad9061088b6d32f6f28483a23c4d6aff6448951440c749
user_a57e47b1,False,data/esrc/pool_en/truncated_queries/T8/user_a57e47b1.txt,dc7f31ba9d821707c6c1b04771b2b159acdb5dad0923889786e896c8e5b93e3b,data/esrc/pool_en/summaries/T8/user_a57e47b1.txt,2b38e851b58dfa5b52e0fa21f27271007b64956d1f3eac6a05c968480b2928e3
user_b63ea1d4,True,data/esrc/pool_en/truncated_queries/T8/user_b63ea1d4.txt,46f657068896eaf4c53de2fea10d24ed5958ffe25d2968d6ba94380778ec7121,data/esrc/pool_en/summaries/T8/user_b63ea1d4.txt,8dc2478c57b27000d63bedccc1c917b5a200adaef25b750dab12f9c29cd8cd93
user_b7ba6422,False,data/esrc/pool_en/truncated_queries/T8/user_b7ba6422.txt,55fc2408c65ef2cb572e279857cc88c1730a5f36442c586218a68ff73a78eacc,data/esrc/pool_en/summaries/T8/user_b7ba6422.txt,86463fa2e3fbb882a4d979a4cf1a4bc527ac87b2a2b70eb230102149f520f348
user_baf68fe9,False,data/esrc/pool_en/truncated_queries/T8/user_baf68fe9.txt,d9a73466ca1e618c70907d6862b50f3deb83c292328a029ee7728d2c3c6fb25e,data/esrc/pool_en/summaries/T8/user_baf68fe9.txt,4c0d8cf8ccc8b3ed682b5cc9bf5c012439f2e95913b32d94f9341602ef0cfdd5
user_cb2fe204,False,data/esrc/pool_en/truncated_queries/T8/user_cb2fe204.txt,de8d91000d5f0880713f560c1adc77aa9bc79de884bbe7cf017997e93e2f0b18,data/esrc/pool_en/summaries/T8/user_cb2fe204.txt,f2f331741b1e538b0f4dc34f009e007a710aa138b3fdd5f4cbe8075e1e1f8dfc
user_d10d1f24,True,data/esrc/pool_en/truncated_queries/T8/user_d10d1f24.txt,38e0ebf0b369956cdbbbb910f2b083114a4074c029651ce9f788e631378933c7,data/esrc/pool_en/summaries/T8/user_d10d1f24.txt,a35087f8dfb97016f402ff094a4f104a0fcaee8a00cc42b7c468d57cb0d18fd3
user_e838707b,True,data/esrc/pool_en/truncated_queries/T8/user_e838707b.txt,04b6fdf68e6f4decf3f75147e04102f98c305f74a4244b7b72255edd8777189a,data/esrc/pool_en/summaries/T8/user_e838707b.txt,b29f0fa07150ef82d3ddc437a5d1c39f72a904350b7b66fe183886877200183e
user_f368b9da,False,data/esrc/pool_en/truncated_queries/T8/user_f368b9da.txt,69d5f11ccc5022f683d5d672dedaf8d0244fc5975182395d3d8ed5b72892a6f2,data/esrc/pool_en/summaries/T8/user_f368b9da.txt,5b32cc95d4f7e2cd0106df412d9436316a1e5a74c18a0e3e34274bd90219ce2d
user_f7bb8af1,False,data/esrc/pool_en/truncated_queries/T8/user_f7bb8af1.txt,3066ef74e088d1c8001dbe9ba633bdc64d3f6bfeaa32675e229a393fe809fd62,data/esrc/pool_en/summaries/T8/user_f7bb8af1.txt,846b416ad8af1d288fb4e6bae4dbc6590e653548742f92ac7157be59120180f1
user_fa69a385,False,data/esrc/pool_en/truncated_queries/T8/user_fa69a385.txt,9a6d34bf1a851f2b10cb31669168e0bf23cd3108f92c8bbfbe6e9a74daeaa7dd,data/esrc/pool_en/summaries/T8/user_fa69a385.txt,1df074f85e5596c1fcf0b4644d52d37df2708bda087a7527ec18185a9ac7b4c5
user_fdc08e26,False,data/esrc/pool_en/truncated_queries/T8/user_fdc08e26.txt,988a192563de37b03ef6fd96919e17ade533077400e6e8d20ec14e60a2bd0f92,data/esrc/pool_en/summaries/T8/user_fdc08e26.txt,0f0dc5c596c0395ee00d0d0657097c559884d5a2364fa179bbd2973c11fcb1d9
user_ff591131,True,data/esrc/pool_en/truncated_queries/T8/user_ff591131.txt,1089c9e3e977047ef5d6136072d9d422ad2dd4616ad033bd345751be29086f87,data/esrc/pool_en/summaries/T8/user_ff591131.txt,89fb79aa8b2168dba53b12972bddff8bb692e8909d99a77bfaded3daf767b46d
