user_id,author_original,total_comments,query_comments,candidate_comments
user_0001,082349872349872,1000,500,500
user_0002,msla,1000,0,500
user_0003,mynameishere,1000,500,500
user_0004,muzani,1000,500,500
user_0005,musicale,1000,0,500
user_0006,munk-a,1000,0,500
user_0007,munificent,1000,500,500
user_0008,mulmen,1000,500,500
user_0009,mturmon,1000,500,500
user_0010,mtmail,1000,500,500
user_0011,mtgx,1000,0,500
user_0012,mseebach,1000,500,500
user_0013,moron4hire,1000,500,500
user_0014,mschuster91,1000,0,500
user_0015,mrweasel,1000,0,500
user_0016,mrtksn,1000,500,500
user_0017,mrguyorama,1000,0,500
user_0018,mrfusion,1000,0,500
user_0019,mr_toad,1000,0,500
user_0020,mpyne,1000,500,500
user_0021,mpweiher,1000,0,500
user_0022,motohagiography,1000,500,500
user_0023,mytailorisrich,1000,0,500
user_0024,mywittyname,1000,0,500
user_0025,na85,1000,0,500
user_0026,naasking,1000,500,500
user_0027,nicoburns,1000,0,500
user_0028,nickpsecurity,1000,500,500
user_0029,nickik,1000,0,500
user_0030,nickff,1000,0,500
user_0031,nicbou,1000,500,500
user_0032,netsharc,1000,0,500
user_0033,netcan,1000,500,500
user_0034,nerdponx,1000,0,500
user_0035,neonate,1000,0,500
user_0036,neom,1000,0,500
user_0037,nemo44x,1000,500,500
user_0038,neilv,1000,0,500
user_0039,necovek,1000,0,500
user_0040,ncmncm,1000,500,500
user_0041,natch,1000,500,500
user_0042,nashashmi,1000,0,500
user_0043,narrator,1000,500,500
user_0044,nailer,1000,0,500
user_0045,nabla9,1000,500,500
user_0046,mort96,1000,500,500
user_0047,morgante,1000,500,500
user_0048,nine_k,1000,0,500
user_0049,mhh__,1000,500,500
user_0050,mikepurvis,1000,0,500
user_0051,mikeash,1000,0,500
user_0052,mike_hearn,1000,500,500
user_0053,microtonal,1000,500,500
user_0054,micromacrofoot,1000,0,500
user_0055,microcolonel,1000,0,500
user_0056,michaelt,1000,500,500
user_0057,michaelochurch,1000,0,500
user_0058,michaelmrose,1000,500,500
user_0059,mhb,1000,500,500
user_0060,moralestapia,1000,500,500
user_0061,mgkimsal,1000,500,500
user_0062,metadat,1000,0,500
user_0063,mercer,1000,500,500
user_0064,meowface,1000,0,500
user_0065,mensetmanusman,1000,0,500
user_0066,melling,1000,500,500
user_0067,mehrdadn,1000,0,500
user_0068,megous,1000,500,500
user_0069,mechanical_fish,1000,0,500
user_0070,mikestew,1000,500,500
user_0071,mikewarot,1000,500,500
user_0072,mikeyouse,1000,500,500
user_0073,mindcrime,1000,500,500
user_0074,mooreds,1000,500,500
user_0075,monocasa,1000,500,500
user_0076,moffkalast,1000,500,500
user_0077,moe,1000,0,500
user_0078,modeless,1000,500,500
user_0079,mmastrac,1000,0,500
user_0080,mlyle,1000,0,500
user_0081,mlindner,1000,500,500
user_0082,mkl,1000,500,500
user_0083,mjevans,1000,500,500
user_0084,mjburgess,1000,500,500
user_0085,mixmastamyk,1000,0,500
user_0086,mistrial9,1000,0,500
user_0087,mistermann,1000,0,500
user_0088,mistercow,1000,500,500
user_0089,missedthecue,1000,0,500
user_0090,mirimir,1000,500,500
user_0091,minimaxir,1000,0,500
user_0092,mindslight,1000,0,500
user_0093,nikolay,1000,0,500
user_0094,nitrogen,1000,500,500
user_0095,mdaniel,1000,500,500
user_0096,pbreit,1000,500,500
user_0097,pessimizer,1000,500,500
user_0098,perl4ever,1000,0,500
user_0099,pengaru,1000,500,500
user_0100,pedalpete,1000,500,500
user_0101,pdonis,1000,500,500
user_0102,pdimitar,1000,0,500
user_0103,pcwalton,1000,500,500
user_0104,pclmulqdq,1000,500,500
user_0105,pc86,1000,500,500
user_0106,pbhjpbhj,1000,500,500
user_0107,pasbesoin,1000,500,500
user_0108,paxys,1000,0,500
user_0109,pavlov,1000,500,500
user_0110,pavel_lishin,1000,500,500
user_0111,paulryanrogers,1000,500,500
user_0112,paulpauper,1000,500,500
user_0113,paulmd,1000,500,500
user_0114,paulgb,1000,0,500
user_0115,paulddraper,1000,500,500
user_0116,paulcole,1000,0,500
user_0117,petercooper,1000,500,500
user_0118,peteretep,1000,500,500
user_0119,peterwwillis,1000,500,500
user_0120,petre,1000,0,500
user_0121,pornel,1000,0,500
user_0122,pnathan,1000,0,500
user_0123,pmoriarty,1000,500,500
user_0124,pmontra,1000,500,500
user_0125,pmiller2,1000,0,500
user_0126,pmarreck,1000,0,500
user_0127,pm90,1000,0,500
user_0128,platz,1000,500,500
user_0129,pkaye,1000,500,500
user_0130,pjmlp,1000,0,500
user_0131,pjc50,1000,500,500
user_0132,pixl97,1000,500,500
user_0133,piva00,1000,0,500
user_0134,pier25,1000,500,500
user_0135,phkahler,1000,500,500
user_0136,philwelch,1000,500,500
user_0137,phendrenad2,1000,0,500
user_0138,pg,1000,500,500
user_0139,pfdietz,1000,0,500
user_0140,patio11,1000,0,500
user_0141,pas,1000,0,500
user_0142,nitwit005,1000,500,500
user_0143,noonespecial,1000,500,500
user_0144,nullc,1000,500,500
user_0145,nsxwolf,1000,0,500
user_0146,nradov,1000,0,500
user_0147,nottorp,1000,500,500
user_0148,notatoad,1000,0,500
user_0149,notahacker,1000,0,500
user_0150,notacoward,1000,0,500
user_0151,nostromo,1000,0,500
user_0152,nostrademons,1000,500,500
user_0153,noobermin,1000,500,500
user_0154,panick21_,1000,0,500
user_0155,nonethewiser,1000,0,500
user_0156,nomel,1000,0,500
user_0157,nojvek,1000,500,500
user_0158,noir_lord,1000,0,500
user_0159,noduerme,1000,500,500
user_0160,nly,1000,500,500
user_0161,nl,1000,0,500
user_0162,nkurz,1000,500,500
user_0163,nkrisc,1000,0,500
user_0164,numpad0,1000,500,500
user_0165,nunez,1000,0,500
user_0166,oblio,1000,500,500
user_0167,ocdtrekkie,1000,500,500
user_0168,palata,1000,500,500
user_0169,paganel,1000,500,500
user_0170,pabs3,1000,500,500
user_0171,p_l,1000,500,500
user_0172,p1esk,1000,0,500
user_0173,outworlder,1000,0,500
user_0174,otterley,1000,0,500
user_0175,otabdeveloper4,1000,0,500
user_0176,orwin,1000,500,500
user_0177,orf,1000,0,500
user_0178,opportune,1000,0,500
user_0179,onlyrealcuzzo,1000,0,500
user_0180,onion2k,1000,0,500
user_0181,oneeyedpigeon,1000,0,500
user_0182,olliej,1000,500,500
user_0183,olalonde,1000,500,500
user_0184,ojbyrne,1000,500,500
user_0185,oh_sigh,1000,0,500
user_0186,oefrha,1000,0,500
user_0187,mdp2021,1000,0,500
user_0188,mcv,1000,500,500
user_0189,0xbadcafebee,1000,0,500
user_0190,kazinator,1000,0,500
user_0191,kevin_thibedeau,1000,500,500
user_0192,kerkeslager,1000,0,500
user_0193,kergonath,1000,0,500
user_0194,kenjackson,1000,0,500
user_0195,kelseyfrog,1000,500,500
user_0196,kelnos,1000,0,500
user_0197,keiferski,1000,500,500
user_0198,kccqzy,1000,0,500
user_0199,kbenson,1000,0,500
user_0200,kasey_junk,1000,0,500
user_0201,justin66,1000,0,500
user_0202,karmakaze,1000,0,500
user_0203,karaterobot,1000,0,500
user_0204,kamaal,1000,500,500
user_0205,kalleboo,1000,500,500
user_0206,kaba0,1000,500,500
user_0207,k__,1000,0,500
user_0208,k-mcgrady,1000,0,500
user_0209,jvanderbot,1000,500,500
user_0210,justincormack,1000,500,500
user_0211,kevincox,1000,0,500
user_0212,kevingadd,1000,0,500
user_0213,kgwgk,1000,0,500
user_0214,kiba,1000,0,500
user_0215,kstenerud,1000,500,500
user_0216,ksec,1000,500,500
user_0217,kristopolous,1000,500,500
user_0218,krapp,1000,500,500
user_0219,krageon,1000,500,500
user_0220,kragen,1000,500,500
user_0221,kqr,1000,500,500
user_0222,kortilla,1000,0,500
user_0223,koolba,1000,500,500
user_0224,komali2,1000,500,500
user_0225,koheripbal,1000,500,500
user_0226,known,1000,500,500
user_0227,klyrs,1000,0,500
user_0228,klodolph,1000,500,500
user_0229,kllrnohj,1000,500,500
user_0230,kjs3,1000,0,500
user_0231,kjkjadksj,1000,500,500
user_0232,kijin,1000,0,500
user_0233,kibwen,1000,0,500
user_0234,justinclift,1000,500,500
user_0235,junon,1000,500,500
user_0236,kube-system,1000,500,500
user_0237,jimmaswell,1000,0,500
user_0238,joe_the_user,1000,0,500
user_0239,jodrellblank,1000,500,500
user_0240,jlgaddis,1000,0,500
user_0241,jl6,1000,500,500
user_0242,jjtheblunt,1000,0,500
user_0243,jjoonathan,1000,500,500
user_0244,jjk166,1000,500,500
user_0245,jjeaff,1000,500,500
user_0246,jjav,1000,500,500
user_0247,jimbokun,1000,500,500
user_0248,judge2020,1000,0,500
user_0249,jillesvangurp,1000,500,500
user_0250,jiggawatts,1000,0,500
user_0251,jgrahamc,1000,500,500
user_0252,jgalt212,1000,0,500
user_0253,jfengel,1000,500,500
user_0254,jessriedel,1000,500,500
user_0255,jessaustin,1000,500,500
user_0256,jeroenhd,1000,500,500
user_0257,jerf,1000,0,500
user_0258,joezydeco,1000,500,500
user_0259,johnchristopher,1000,0,500
user_0260,johnisgood,1000,0,500
user_0261,johnnyanmac,1000,0,500
user_0262,jstanley,1000,0,500
user_0263,jsnell,1000,0,500
user_0264,jsjohnst,1000,0,500
user_0265,jsheard,1000,0,500
user_0266,js2,1000,0,500
user_0267,jrockway,1000,0,500
user_0268,jrochkind1,1000,500,500
user_0269,jraph,1000,500,500
user_0270,jqpabc123,1000,500,500
user_0271,josteink,1000,500,500
user_0272,joshuamorton,1000,500,500
user_0273,joshu,1000,0,500
user_0274,joshstrange,1000,500,500
user_0275,josephg,1000,500,500
user_0276,josephcsible,1000,0,500
user_0277,josefresco,1000,500,500
user_0278,jonny_eh,1000,0,500
user_0279,jonknee,1000,500,500
user_0280,jokoon,1000,0,500
user_0281,kstrauser,1000,0,500
user_0282,kuschku,1000,500,500
user_0283,mcphage,1000,0,500
user_0284,mahmud,1000,500,500
user_0285,marcosdumay,1000,500,500
user_0286,marcinzm,1000,500,500
user_0287,mannykannot,1000,0,500
user_0288,manigandham,1000,0,500
user_0289,malandrew,1000,500,500
user_0290,makomk,1000,0,500
user_0291,makeitdouble,1000,0,500
user_0292,majormajor,1000,500,500
user_0293,majewsky,1000,500,500
user_0294,magicalhippo,1000,0,500
user_0295,lutusp,1000,0,500
user_0296,maerF0x0,1000,0,500
user_0297,madeofpalk,1000,500,500
user_0298,madaxe_again,1000,0,500
user_0299,macspoofing,1000,0,500
user_0300,macintux,1000,0,500
user_0301,maccard,1000,500,500
user_0302,mabbo,1000,0,500
user_0303,m463,1000,0,500
user_0304,m3kw9,1000,500,500
user_0305,marcus_holmes,1000,0,500
user_0306,marginalia_nu,1000,500,500
user_0307,mark-r,1000,500,500
user_0308,mark_l_watson,1000,500,500
user_0309,mcguire,1000,0,500
user_0310,mc32,1000,500,500
user_0311,mbreese,1000,0,500
user_0312,mbesto,1000,0,500
user_0313,maxxxxx,1000,500,500
user_0314,maxerickson,1000,0,500
user_0315,matwood,1000,500,500
user_0316,mattmaroon,1000,500,500
user_0317,mattmanser,1000,0,500
user_0318,matthewmacleod,1000,0,500
user_0319,matt4077,1000,0,500
user_0320,matsemann,1000,500,500
user_0321,matheusmoreira,1000,0,500
user_0322,mathattack,1000,500,500
user_0323,masonic,1000,500,500
user_0324,masklinn,1000,500,500
user_0325,marssaxman,1000,0,500
user_0326,marshray,1000,0,500
user_0327,markus_zhang,1000,0,500
user_0328,lxgr,1000,0,500
user_0329,lupire,1000,0,500
user_0330,kwhitefoot,1000,0,500
user_0331,learc83,1000,0,500
user_0332,lifthrasiir,1000,500,500
user_0333,lifeisstillgood,1000,500,500
user_0334,lettergram,1000,0,500
user_0335,lern_too_spel,1000,0,500
user_0336,lelanthran,1000,0,500
user_0337,legitster,1000,0,500
user_0338,leetcrew,1000,500,500
user_0339,leereeves,1000,500,500
user_0340,leephillips,1000,0,500
user_0341,lazide,1000,500,500
user_0342,luckylion,1000,500,500
user_0343,layer8,1000,0,500
user_0344,lawnchair_larry,1000,0,500
user_0345,laumars,1000,500,500
user_0346,latexr,1000,0,500
user_0347,latchkey,1000,500,500
user_0348,lapcat,1000,500,500
user_0349,lamontcg,1000,500,500
user_0350,lallysingh,1000,0,500
user_0351,kzrdude,1000,0,500
user_0352,lisper,1000,500,500
user_0353,lispm,1000,500,500
user_0354,littlestymaar,1000,0,500
user_0355,lloeki,1000,0,500
user_0356,lucideer,1000,0,500
user_0357,lucb1e,1000,0,500
user_0358,lsc,1000,500,500
user_0359,lproven,1000,500,500
user_0360,lovich,1000,0,500
user_0361,loup-vaillant,1000,0,500
user_0362,lotsofpulp,1000,0,500
user_0363,lostmsu,1000,500,500
user_0364,lostlogin,1000,500,500
user_0365,lordnacho,1000,0,500
user_0366,londons_explore,1000,0,500
user_0367,lolinder,1000,500,500
user_0368,logicchains,1000,500,500
user_0369,logicallee,1000,0,500
user_0370,logfromblammo,1000,0,500
user_0371,loeg,1000,500,500
user_0372,loceng,1000,500,500
user_0373,lmm,1000,0,500
user_0374,lm28469,1000,500,500
user_0375,potatolicious,1000,0,500
user_0376,prawn,1000,0,500
user_0377,prepend,1000,0,500
user_0378,tracker1,1000,0,500
user_0379,tsimionescu,1000,500,500
user_0380,tshaddox,1000,500,500
user_0381,true_religion,1000,0,500
user_0382,tromp,1000,0,500
user_0383,tripzilch,1000,500,500
user_0384,triceratops,1000,0,500
user_0385,trhway,1000,0,500
user_0386,tremon,1000,0,500
user_0387,treis,1000,0,500
user_0388,tptacek,1000,500,500
user_0389,tomc1985,1000,500,500
user_0390,toyg,1000,500,500
user_0391,toss1,1000,500,500
user_0392,tootie,1000,500,500
user_0393,toomuchtodo,1000,0,500
user_0394,tonyedgecombe,1000,0,500
user_0395,tomrod,1000,500,500
user_0396,tomp,1000,0,500
user_0397,tomjen3,1000,0,500
user_0398,tome,1000,0,500
user_0399,tw04,1000,0,500
user_0400,twblalock,1000,500,500
user_0401,twic,1000,0,500
user_0402,twoodfin,1000,0,500
user_0403,vanderZwan,1000,0,500
user_0404,valuearb,1000,0,500
user_0405,vaksel,1000,0,500
user_0406,vacri,1000,500,500
user_0407,usrusr,1000,0,500
user_0408,userbinator,1000,500,500
user_0409,user5994461,1000,500,500
user_0410,ur-whale,1000,0,500
user_0411,uoaei,1000,500,500
user_0412,untog,1000,0,500
user_0413,unixhero,1000,500,500
user_0414,unethical_ban,1000,500,500
user_0415,unalone,1000,0,500
user_0416,umvi,1000,0,500
user_0417,ummonk,1000,500,500
user_0418,umanwizard,1000,0,500
user_0419,ubernostrum,1000,0,500
user_0420,tzs,1000,0,500
user_0421,tyingq,1000,500,500
user_0422,tomcam,1000,500,500
user_0423,tombert,1000,500,500
user_0424,varjag,1000,0,500
user_0425,teekert,1000,0,500
user_0426,the_af,1000,0,500
user_0427,the8472,1000,0,500
user_0428,thaumaturgy,1000,0,500
user_0429,thaumasiotes,1000,0,500
user_0430,tgv,1000,500,500
user_0431,tgsovlerkhgsel,1000,0,500
user_0432,tempodox,1000,0,500
user_0433,tempestn,1000,500,500
user_0434,tel,1000,500,500
user_0435,tedunangst,1000,0,500
user_0436,tokenadult,1000,0,500
user_0437,tedmiston,1000,0,500
user_0438,teddyh,1000,500,500
user_0439,taylodl,1000,500,500
user_0440,taurath,1000,0,500
user_0441,tantalor,1000,500,500
user_0442,taneq,1000,500,500
user_0443,tambourine_man,1000,0,500
user_0444,talmand,1000,0,500
user_0445,taeric,1000,0,500
user_0446,the_mitsuhiko,1000,500,500
user_0447,theamk,1000,500,500
user_0448,theandrewbailey,1000,0,500
user_0449,themodelplumber,1000,500,500
user_0450,toast0,1000,0,500
user_0451,tmaly,1000,0,500
user_0452,tluyben2,1000,0,500
user_0453,tlrobinson,1000,500,500
user_0454,tlb,1000,500,500
user_0455,titzer,1000,0,500
user_0456,tinus_hn,1000,0,500
user_0457,timr,1000,0,500
user_0458,tim333,1000,0,500
user_0459,tialaramex,1000,0,500
user_0460,throwaway894345,1000,500,500
user_0461,throwaway290,1000,0,500
user_0462,throwaway2037,1000,0,500
user_0463,throwanem,1000,500,500
user_0464,throw0101a,1000,0,500
user_0465,threeseed,1000,500,500
user_0466,threatofrain,1000,500,500
user_0467,thfuran,1000,0,500
user_0468,theshrike79,1000,0,500
user_0469,varispeed,1000,500,500
user_0470,vasco,1000,500,500
user_0471,prmoustache,1000,500,500
user_0472,x0x0,1000,500,500
user_0473,yencabulator,1000,0,500
user_0474,yellowapple,1000,500,500
user_0475,yardie,1000,0,500
user_0476,xyzzyz,1000,0,500
user_0477,xwdv,1000,0,500
user_0478,xorcist,1000,0,500
user_0479,xnx,1000,500,500
user_0480,xiphias2,1000,500,500
user_0481,xg15,1000,0,500
user_0482,wyldfire,1000,500,500
user_0483,woodruffw,1000,0,500
user_0484,wyclif,1000,0,500
user_0485,wyager,1000,500,500
user_0486,ww520,1000,0,500
user_0487,wvenable,1000,500,500
user_0488,wutbrodo,1000,0,500
user_0489,wtallis,1000,500,500
user_0490,wslh,1000,0,500
user_0491,wruza,1000,0,500
user_0492,wpietri,1000,0,500
user_0493,yesenadam,1000,500,500
user_0494,yieldcrv,1000,0,500
user_0495,yjftsjthsd-h,1000,0,500
user_0496,yorwba,1000,0,500
user_0497,zokier,1000,0,500
user_0498,zo1,1000,500,500
user_0499,znpy,1000,500,500
user_0500,zmmmmm,1000,0,500
user_0501,zitterbewegung,1000,500,500
user_0502,zimpenfish,1000,0,500
user_0503,zepto,1000,0,500
user_0504,zem,1000,0,500
user_0505,zelphirkalt,1000,0,500
user_0506,zdragnar,1000,500,500
user_0507,zaroth,1000,0,500
user_0508,zanny,1000,0,500
user_0509,zamalek,1000,0,500
user_0510,zamadatix,1000,0,500
user_0511,zaarn,1000,0,500
user_0512,z3t4,1000,500,500
user_0513,yummyfajitas,1000,500,500
user_0514,yuhong,1000,0,500
user_0515,yters,1000,500,500
user_0516,worik,1000,0,500
user_0517,wongarsu,1000,0,500
user_0518,vbezhenar,1000,500,500
user_0519,voltagex_,1000,500,500
user_0520,walshemj,1000,500,500
user_0521,walrus01,1000,500,500
user_0522,wallflower,1000,500,500
user_0523,wahnfrieden,1000,0,500
user_0524,wahern,1000,0,500
user_0525,w1ntermute,1000,0,500
user_0526,vram22,1000,0,500
user_0527,vorpalhex,1000,500,500
user_0528,vonmoltke,1000,0,500
user_0529,vlovich123,1000,0,500
user_0530,wolverine876,1000,500,500
user_0531,vkou,1000,0,500
user_0532,visarga,1000,0,500
user_0533,viraptor,1000,0,500
user_0534,vinceguidry,1000,0,500
user_0535,vidarh,1000,0,500
user_0536,vetinari,1000,500,500
user_0537,verdverm,1000,0,500
user_0538,venomsnake,1000,0,500
user_0539,vel0city,1000,0,500
user_0540,walterbell,1000,0,500
user_0541,waterlesscloud,1000,500,500
user_0542,watwut,1000,500,500
user_0543,wccrawford,1000,0,500
user_0544,wodenokoto,1000,500,500
user_0545,woah,1000,0,500
user_0546,wmf,1000,500,500
user_0547,wlesieutre,1000,500,500
user_0548,wizzwizz4,1000,0,500
user_0549,withinboredom,1000,0,500
user_0550,wiseowise,1000,500,500
user_0551,willis936,1000,500,500
user_0552,willcipriano,1000,500,500
user_0553,wil421,1000,500,500
user_0554,whywhywhywhy,1000,500,500
user_0555,whimsicalism,1000,0,500
user_0556,whatshisface,1000,500,500
user_0557,whalesalad,1000,500,500
user_0558,wglb,1000,0,500
user_0559,westurner,1000,500,500
user_0560,weinzierl,1000,0,500
user_0561,webmaven,1000,0,500
user_0562,weberc2,1000,0,500
user_0563,systemvoltage,1000,500,500
user_0564,syshum,1000,500,500
user_0565,swyx,1000,0,500
user_0566,roenxi,1000,500,500
user_0567,rtkwe,1000,500,500
user_0568,rsynnott,1000,500,500
user_0569,rsync,1000,0,500
user_0570,roywiggins,1000,500,500
user_0571,rowanG077,1000,500,500
user_0572,rossdavidh,1000,0,500
user_0573,rootusrootus,1000,0,500
user_0574,rolph,1000,0,500
user_0575,rokhayakebe,1000,500,500
user_0576,roel_v,1000,0,500
user_0577,rimantas,1000,500,500
user_0578,rocqua,1000,0,500
user_0579,robryan,1000,500,500
user_0580,robotresearcher,1000,0,500
user_0581,robomartin,1000,500,500
user_0582,robocat,1000,0,500
user_0583,robin_reala,1000,0,500
user_0584,robertlagrant,1000,500,500
user_0585,rob74,1000,500,500
user_0586,rms,1000,0,500
user_0587,rtpg,1000,0,500
user_0588,run4yourlives,1000,0,500
user_0589,runarberg,1000,500,500
user_0590,runjake,1000,0,500
user_0591,sangnoir,1000,500,500
user_0592,sandworm101,1000,500,500
user_0593,sanderjd,1000,500,500
user_0594,sandGorgon,1000,500,500
user_0595,samstave,1000,0,500
user_0596,sametmax,1000,0,500
user_0597,samatman,1000,0,500
user_0598,salawat,1000,500,500
user_0599,saiya-jin,1000,500,500
user_0600,saghm,1000,500,500
user_0601,saalweachter,1000,0,500
user_0602,saagarjha,1000,500,500
user_0603,s1artibartfast,1000,500,500
user_0604,ryanwaggoner,1000,500,500
user_0605,ryanlol,1000,500,500
user_0606,ryandrake,1000,0,500
user_0607,rwmj,1000,0,500
user_0608,rvz,1000,0,500
user_0609,rurban,1000,500,500
user_0610,rmc,1000,500,500
user_0611,rightbyte,1000,500,500
user_0612,swombat,1000,0,500
user_0613,quotemstr,1000,0,500
user_0614,ravenstine,1000,500,500
user_0615,rasz,1000,0,500
user_0616,randomdata,1000,0,500
user_0617,randallsquared,1000,500,500
user_0618,raldi,1000,0,500
user_0619,rahimnathwani,1000,500,500
user_0620,raganwald,1000,500,500
user_0621,r00fus,1000,500,500
user_0622,qwerty456127,1000,500,500
user_0623,quickthrower2,1000,0,500
user_0624,riffraff,1000,500,500
user_0625,quantified,1000,0,500
user_0626,pyre,1000,0,500
user_0627,pydry,1000,0,500
user_0628,pvg,1000,0,500
user_0629,pvaldes,1000,0,500
user_0630,pstuart,1000,500,500
user_0631,pseudalopex,1000,0,500
user_0632,protomyth,1000,0,500
user_0633,pron,1000,0,500
user_0634,raverbashing,1000,500,500
user_0635,rayiner,1000,500,500
user_0636,rbanffy,1000,0,500
user_0637,rcarmo,1000,500,500
user_0638,ricardobeat,1000,0,500
user_0639,rhizome,1000,0,500
user_0640,rglullis,1000,0,500
user_0641,renewiltord,1000,500,500
user_0642,remram,1000,500,500
user_0643,rektide,1000,500,500
user_0644,reitanqild,1000,500,500
user_0645,regularfry,1000,0,500
user_0646,refurb,1000,0,500
user_0647,refulgentis,1000,500,500
user_0648,recursive,1000,0,500
user_0649,reaperducer,1000,0,500
user_0650,realusername,1000,500,500
user_0651,readthenotes1,1000,500,500
user_0652,rdtsc,1000,500,500
user_0653,rdl,1000,500,500
user_0654,rcxdude,1000,0,500
user_0655,rconti,1000,500,500
user_0656,rchaud,1000,500,500
user_0657,sanxiyn,1000,500,500
user_0658,saraid216,1000,0,500
user_0659,satvikpendem,1000,500,500
user_0660,sokoloff,1000,500,500
user_0661,sph,1000,0,500
user_0662,speedgoose,1000,500,500
user_0663,specialist,1000,500,500
user_0664,sp332,1000,500,500
user_0665,soulofmischief,1000,0,500
user_0666,sophacles,1000,500,500
user_0667,soperj,1000,0,500
user_0668,somenameforme,1000,500,500
user_0669,solarkraft,1000,0,500
user_0670,sofixa,1000,500,500
user_0671,saurik,1000,0,500
user_0672,snvzz,1000,500,500
user_0673,snowwrestler,1000,500,500
user_0674,sneak,1000,0,500
user_0675,smt88,1000,500,500
user_0676,smsm42,1000,500,500
user_0677,smcl,1000,500,500
user_0678,smacktoward,1000,500,500
user_0679,smackfu,1000,0,500
user_0680,sliverstorm,1000,0,500
user_0681,squarefoot,1000,0,500
user_0682,sschueller,1000,0,500
user_0683,stale2002,1000,0,500
user_0684,standardUser,1000,0,500
user_0685,swiley,1000,500,500
user_0686,swah,1000,500,500
user_0687,superkuh,1000,500,500
user_0688,sudosysgen,1000,500,500
user_0689,stuaxo,1000,0,500
user_0690,stronglikedan,1000,500,500
user_0691,stouset,1000,0,500
user_0692,stjohnswarts,1000,500,500
user_0693,stingraycharles,1000,500,500
user_0694,stickfigure,1000,0,500
user_0695,steveklabnik,1000,0,500
user_0696,stevekemp,1000,0,500
user_0697,steve_adams_86,1000,500,500
user_0698,stephenr,1000,0,500
user_0699,stephengillie,1000,500,500
user_0700,stcredzero,1000,500,500
user_0701,stavros,1000,500,500
user_0702,staunch,1000,500,500
user_0703,staticassertion,1000,0,500
user_0704,slg,1000,0,500
user_0705,slater,1000,500,500
user_0706,skydhash,1000,500,500
user_0707,shagie,1000,500,500
user_0708,sgt101,1000,0,500
user_0709,sgt,1000,0,500
user_0710,seydor,1000,500,500
user_0711,sethammons,1000,0,500
user_0712,sergiotapia,1000,0,500
user_0713,semi-extrinsic,1000,500,500
user_0714,selimthegrim,1000,0,500
user_0715,seibelj,1000,500,500
user_0716,seba_dos1,1000,500,500
user_0717,seanmcdirmid,1000,500,500
user_0718,seanhunter,1000,500,500
user_0719,scythe,1000,500,500
user_0720,sctb,1000,0,500
user_0721,scrollaway,1000,0,500
user_0722,scotty79,1000,500,500
user_0723,scott_s,1000,0,500
user_0724,schoen,1000,500,500
user_0725,scarmig,1000,500,500
user_0726,scarface74,1000,500,500
user_0727,shadowgovt,1000,0,500
user_0728,shakna,1000,0,500
user_0729,skybrian,1000,500,500
user_0730,sharemywin,1000,0,500
user_0731,skrebbel,1000,500,500
user_0732,skissane,1000,0,500
user_0733,skinnymuch,1000,0,500
user_0734,ska,1000,500,500
user_0735,sjg007,1000,500,500
user_0736,sitkack,1000,500,500
user_0737,simonw,1000,500,500
user_0738,simonh,1000,0,500
user_0739,simonebrunozzi,1000,500,500
user_0740,simonblack,1000,500,500
user_0741,simion314,1000,0,500
user_0742,simias,1000,0,500
user_0743,sillysaurusx,1000,0,500
user_0744,sillysaurus3,1000,500,500
user_0745,silisili,1000,0,500
user_0746,sidlls,1000,500,500
user_0747,sidcool,1000,500,500
user_0748,shmerl,1000,500,500
user_0749,shkkmo,1000,0,500
user_0750,jefftk,1000,500,500
user_0751,jeffbee,1000,0,500
user_0752,jedberg,1000,500,500
user_0753,_heimdall,1000,0,500
user_0754,acqq,1000,500,500
user_0755,acdha,1000,500,500
user_0756,account42,1000,500,500
user_0757,abecedarius,1000,0,500
user_0758,aaronbrethorst,1000,0,500
user_0759,aaron695,1000,500,500
user_0760,aaomidi,1000,500,500
user_0761,a3n,1000,0,500
user_0762,_ph_,1000,0,500
user_0763,_ea1k,1000,500,500
user_0764,Xylakant,1000,0,500
user_0765,_delirium,1000,500,500
user_0766,__MatrixMan__,1000,0,500
user_0767,_8j50,1000,500,500
user_0768,Zigurd,1000,500,500
user_0769,ZeroGravitas,1000,500,500
user_0770,ZenoArrow,1000,0,500
user_0771,Zak,1000,0,500
user_0772,Ygg2,1000,0,500
user_0773,YeGoblynQueenne,1000,0,500
user_0774,actionfromafar,1000,500,500
user_0775,adamnemecek,1000,0,500
user_0776,adastra22,1000,0,500
user_0777,adolph,1000,0,500
user_0778,amelius,1000,500,500
user_0779,amanaplanacanal,1000,0,500
user_0780,alkonaut,1000,500,500
user_0781,alistairSH,1000,500,500
user_0782,alephnerd,1000,500,500
user_0783,al_borland,1000,0,500
user_0784,akira2501,1000,500,500
user_0785,ajuc,1000,500,500
user_0786,ajsnigrutin,1000,500,500
user_0787,ajross,1000,500,500
user_0788,ajmurmann,1000,500,500
user_0789,airstrike,1000,0,500
user_0790,aidenn0,1000,0,500
user_0791,agumonkey,1000,0,500
user_0792,afavour,1000,500,500
user_0793,afarrell,1000,0,500
user_0794,adventured,1000,0,500
user_0795,adrian_b,1000,500,500
user_0796,adrianN,1000,0,500
user_0797,Y_Y,1000,500,500
user_0798,XorNot,1000,0,500
user_0799,ams6110,1000,500,500
user_0800,Symbiote,1000,0,500
user_0801,Terr_,1000,0,500
user_0802,Tepix,1000,0,500
user_0803,TedDoesntTalk,1000,0,500
user_0804,TeMPOraL,1000,500,500
user_0805,TazeTSchnitzel,1000,0,500
user_0806,TaylorAlexander,1000,500,500
user_0807,Tade0,1000,0,500
user_0808,TacticalCoder,1000,0,500
user_0809,Symmetry,1000,500,500
user_0810,Swizec,1000,0,500
user_0811,Wowfunhappy,1000,0,500
user_0812,SwellJoe,1000,500,500
user_0813,SubiculumCode,1000,500,500
user_0814,Stratoscope,1000,0,500
user_0815,StavrosK,1000,500,500
user_0816,Spooky23,1000,500,500
user_0817,Spivak,1000,0,500
user_0818,SpicyLemonZest,1000,0,500
user_0819,Someone1234,1000,0,500
user_0820,Someone,1000,0,500
user_0821,Terretta,1000,500,500
user_0822,TheCoelacanth,1000,500,500
user_0823,TheOtherHobbes,1000,500,500
user_0824,TheSpiceIsLife,1000,0,500
user_0825,WorldMaker,1000,500,500
user_0826,Workaccount2,1000,500,500
user_0827,Waterluvian,1000,500,500
user_0828,WarOnPrivacy,1000,500,500
user_0829,WalterGR,1000,500,500
user_0830,WalterBright,1000,500,500
user_0831,Vinnl,1000,500,500
user_0832,VLM,1000,500,500
user_0833,User23,1000,500,500
user_0834,UncleMeat,1000,0,500
user_0835,TylerE,1000,500,500
user_0836,Turing_Machine,1000,0,500
user_0837,TulliusCicero,1000,0,500
user_0838,Tomte,1000,500,500
user_0839,TillE,1000,0,500
user_0840,Tichy,1000,0,500
user_0841,ThrowawayR2,1000,0,500
user_0842,Thorrez,1000,500,500
user_0843,ThomPete,1000,0,500
user_0844,amluto,1000,0,500
user_0845,analog31,1000,500,500
user_0846,briandear,1000,500,500
user_0847,bell-cot,1000,0,500
user_0848,bilbo0s,1000,500,500
user_0849,bigiain,1000,0,500
user_0850,bhouston,1000,500,500
user_0851,benologist,1000,0,500
user_0852,benj111,1000,0,500
user_0853,benatkin,1000,0,500
user_0854,ben_w,1000,500,500
user_0855,belter,1000,500,500
user_0856,belorn,1000,500,500
user_0857,bee_rider,1000,0,500
user_0858,bawolff,1000,500,500
user_0859,bediger4000,1000,0,500
user_0860,beat,1000,500,500
user_0861,beardyw,1000,0,500
user_0862,beagle3,1000,500,500
user_0863,bduerst,1000,0,500
user_0864,bdcravens,1000,500,500
user_0865,bdangubic,1000,0,500
user_0866,bayindirh,1000,500,500
user_0867,baybal2,1000,500,500
user_0868,bitL,1000,500,500
user_0869,bitwize,1000,0,500
user_0870,bjourne,1000,500,500
user_0871,blhack,1000,500,500
user_0872,brailsafe,1000,0,500
user_0873,bradleyjg,1000,500,500
user_0874,bradknowles,1000,0,500
user_0875,bpodgursky,1000,500,500
user_0876,boomboomsubban,1000,500,500
user_0877,bookofjoe,1000,500,500
user_0878,bombcar,1000,0,500
user_0879,bogomipz,1000,0,500
user_0880,bobthepanda,1000,0,500
user_0881,bob1029,1000,0,500
user_0882,bmitc,1000,500,500
user_0883,bmelton,1000,500,500
user_0884,bluefirebrand,1000,0,500
user_0885,bluedino,1000,500,500
user_0886,blub,1000,0,500
user_0887,bluGill,1000,500,500
user_0888,blowski,1000,500,500
user_0889,blitzar,1000,0,500
user_0890,blibble,1000,500,500
user_0891,baxtr,1000,500,500
user_0892,basch,1000,0,500
user_0893,anamax,1000,0,500
user_0894,anthk,1000,0,500
user_0895,asdff,1000,500,500
user_0896,ars,1000,0,500
user_0897,arp242,1000,0,500
user_0898,arethuza,1000,500,500
user_0899,arcticbull,1000,0,500
user_0900,archagon,1000,500,500
user_0901,api,1000,0,500
user_0902,antisthenes,1000,0,500
user_0903,antirez,1000,0,500
user_0904,anovikov,1000,0,500
user_0905,barry-cotter,1000,500,500
user_0906,anigbrowl,1000,500,500
user_0907,angersock,1000,500,500
user_0908,andybak,1000,500,500
user_0909,andy_ppp,1000,500,500
user_0910,andsoitis,1000,0,500
user_0911,andrewstuart,1000,0,500
user_0912,andrewflnr,1000,0,500
user_0913,andrepd,1000,500,500
user_0914,andai,1000,500,500
user_0915,aspenmayer,1000,0,500
user_0916,astrange,1000,0,500
user_0917,astrodust,1000,0,500
user_0918,astura,1000,0,500
user_0919,barrkel,1000,0,500
user_0920,barbazoo,1000,500,500
user_0921,baq,1000,0,500
user_0922,bane,1000,0,500
user_0923,bamboozled,1000,0,500
user_0924,bambax,1000,500,500
user_0925,baddox,1000,0,500
user_0926,bad_user,1000,500,500
user_0927,baby,1000,0,500
user_0928,b112,1000,500,500
user_0929,azinman2,1000,0,500
user_0930,azernik,1000,0,500
user_0931,axod,1000,500,500
user_0932,avmich,1000,500,500
user_0933,autoexec,1000,0,500
user_0934,austincheney,1000,500,500
user_0935,atoav,1000,0,500
user_0936,atmosx,1000,0,500
user_0937,asveikau,1000,500,500
user_0938,Sohcahtoa82,1000,0,500
user_0939,SoftTalker,1000,500,500
user_0940,SkyMarshal,1000,0,500
user_0941,CydeWeys,1000,0,500
user_0942,Der_Einzige,1000,500,500
user_0943,DennisP,1000,0,500
user_0944,DenisM,1000,0,500
user_0945,DeathArrow,1000,0,500
user_0946,DannyBee,1000,0,500
user_0947,DanielBMarkham,1000,500,500
user_0948,DanBC,1000,500,500
user_0949,DaiPlusPlus,1000,500,500
user_0950,Cyph0n,1000,0,500
user_0951,CyberDildonics,1000,0,500
user_0952,ChrisArchitect,1000,500,500
user_0953,CuriouslyC,1000,0,500
user_0954,Cthulhu_,1000,500,500
user_0955,Consultant32452,1000,500,500
user_0956,ComputerGuru,1000,500,500
user_0957,ColinWright,1000,500,500
user_0958,ClumsyPilot,1000,0,500
user_0959,Clubber,1000,500,500
user_0960,ChuckNorris89,1000,0,500
user_0961,ChuckMcM,1000,500,500
user_0962,DonHopkins,1000,0,500
user_0963,DoreenMichele,1000,500,500
user_0964,DrScump,1000,500,500
user_0965,Dylan16807,1000,500,500
user_0966,GoblinSlayer,1000,0,500
user_0967,Gigachad,1000,500,500
user_0968,Gibbon1,1000,500,500
user_0969,GekkePrutser,1000,500,500
user_0970,FredPret,1000,0,500
user_0971,Freak_NL,1000,500,500
user_0972,FpUser,1000,500,500
user_0973,ForHackernews,1000,500,500
user_0974,Fnoord,1000,500,500
user_0975,FireBeyond,1000,500,500
user_0976,Filligree,1000,0,500
user_0977,FabHK,1000,0,500
user_0978,EvanAnderson,1000,500,500
user_0979,ErrantX,1000,500,500
user_0980,Ericson2314,1000,0,500
user_0981,EliRivers,1000,500,500
user_0982,Ekaros,1000,0,500
user_0983,EdwardDiego,1000,500,500
user_0984,EGreg,1000,500,500
user_0985,ChrisMarshallNY,1000,0,500
user_0986,Chris2048,1000,0,500
user_0987,SketchySeaBeast,1000,500,500
user_0988,Aeolun,1000,0,500
user_0989,Angostura,1000,500,500
user_0990,AndrewKemendo,1000,500,500
user_0991,Analemma_,1000,500,500
user_0992,AnIdiotOnTheNet,1000,0,500
user_0993,Alupis,1000,500,500
user_0994,AlotOfReading,1000,0,500
user_0995,Aloha,1000,500,500
user_0996,AlexandrB,1000,0,500
user_0997,Alex3917,1000,0,500
user_0998,ASalazarMX,1000,500,500
user_0999,CharlesW,1000,500,500
user_1000,8note,1000,500,500
