pool,T_level,query_user_id,selected_candidate_user_id,selected_candidate_number,correct,true_in_top15,model,status
pool_en,T8,user_0168255c,user_f43d6008,2,False,False,qwen3.6-35b-a3b-nvfp4,ok
pool_en,T8,user_02016939,user_02016939,2,True,True,qwen3.6-35b-a3b-nvfp4,ok
pool_en,T8,user_0285dee3,user_c4b781ce,2,False,True,qwen3.6-35b-a3b-nvfp4,ok
pool_en,T8,user_02d03e8a,user_02d03e8a,1,True,True,qwen3.6-35b-a3b-nvfp4,ok
pool_en,T8,user_02d8a1f8,user_02d8a1f8,13,True,True,qwen3.6-35b-a3b-nvfp4,ok
pool_en,T8,user_02fecea2,user_2cb4b018,8,False,False,qwen3.6-35b-a3b-nvfp4,ok
pool_en,T8,user_03410579,user_91db6e48,2,False,False,qwen3.6-35b-a3b-nvfp4,ok
pool_en,T8,user_043ea160,user_043ea160,1,True,True,qwen3.6-35b-a3b-nvfp4,ok
pool_en,T8,user_04d29f9c,user_04d29f9c,6,True,True,qwen3.6-35b-a3b-nvfp4,ok
pool_en,T8,user_04d8419e,user_c7beef01,13,False,False,qwen3.6-35b-a3b-nvfp4,ok
pool_en,T8,user_0521a7ac,user_2b750e1c,12,False,False,qwen3.6-35b-a3b-nvfp4,ok
pool_en,T8,user_058c1800,user_9600e8bf,2,False,False,qwen3.6-35b-a3b-nvfp4,ok
pool_en,T8,user_0697c470,user_e93dfaa2,5,False,True,qwen3.6-35b-a3b-nvfp4,ok
pool_en,T8,user_07cb458d,user_3f2fbc90,7,False,False,qwen3.6-35b-a3b-nvfp4,ok
pool_en,T8,user_07db2c6a,user_9818dcae,8,False,False,qwen3.6-35b-a3b-nvfp4,ok
pool_en,T8,user_07faa0fc,user_07faa0fc,7,True,True,qwen3.6-35b-a3b-nvfp4,ok
pool_en,T8,user_08aa624b,user_08aa624b,1,True,True,qwen3.6-35b-a3b-nvfp4,ok
pool_en,T8,user_08c32973,user_08c32973,14,True,True,qwen3.6-35b-a3b-nvfp4,ok
pool_en,T8,user_08e9ce6e,user_45d008d3,15,False,True,qwen3.6-35b-a3b-nvfp4,ok
pool_en,T8,user_092e219d,user_0669bdf6,1,False,False,qwen3.6-35b-a3b-nvfp4,ok
pool_en,T8,user_0a0bcaa6,user_ee14f818,12,False,False,qwen3.6-35b-a3b-nvfp4,ok
pool_en,T8,user_0a245f61,user_0a245f61,3,True,True,qwen3.6-35b-a3b-nvfp4,ok
pool_en,T8,user_0b5c256a,user_5a6c91dd,6,False,False,qwen3.6-35b-a3b-nvfp4,ok
pool_en,T8,user_0b64b183,user_3bc84c13,3,False,False,qwen3.6-35b-a3b-nvfp4,ok
pool_en,T8,user_0c578ab5,user_74cfb8ef,4,False,False,qwen3.6-35b-a3b-nvfp4,ok
pool_en,T8,user_0c8c48ac,user_ecc1ca0a,8,False,False,qwen3.6-35b-a3b-nvfp4,ok
pool_en,T8,user_0cc626ee,user_f27da10a,14,False,False,qwen3.6-35b-a3b-nvfp4,ok
pool_en,T8,user_0cd29f02,user_b350e22b,6,False,False,qwen3.6-35b-a3b-nvfp4,ok
pool_en,T8,user_0f0ad720,user_0f0ad720,1,True,True,qwen3.6-35b-a3b-nvfp4,ok
pool_en,T8,user_107259c3,user_107259c3,7,True,True,qwen3.6-35b-a3b-nvfp4,ok
pool_en,T8,user_10e64e28,user_75bc9924,12,False,False,qwen3.6-35b-a3b-nvfp4,ok
pool_en,T8,user_111cfe7d,user_636ad58f,4,False,False,qwen3.6-35b-a3b-nvfp4,ok
pool_en,T8,user_11e8421f,user_11e8421f,1,True,True,qwen3.6-35b-a3b-nvfp4,ok
pool_en,T8,user_1230e05a,user_1230e05a,11,True,True,qwen3.6-35b-a3b-nvfp4,ok
pool_en,T8,user_126670d7,user_126670d7,4,True,True,qwen3.6-35b-a3b-nvfp4,ok
pool_en,T8,user_1302cb61,user_03410579,8,False,False,qwen3.6-35b-a3b-nvfp4,ok
pool_en,T8,user_13f8ee07,user_13f8ee07,1,True,True,qwen3.6-35b-a3b-nvfp4,ok
pool_en,T8,user_13fb2e34,user_13fb2e34,3,True,True,qwen3.6-35b-a3b-nvfp4,ok
pool_en,T8,user_147d1bbb,user_4cad4295,12,False,False,qwen3.6-35b-a3b-nvfp4,ok
pool_en,T8,user_14a2d3c6,user_7322f4ef,5,False,False,qwen3.6-35b-a3b-nvfp4,ok
pool_en,T8,user_159646d5,user_159646d5,1,True,True,qwen3.6-35b-a3b-nvfp4,ok
pool_en,T8,user_164057cc,user_2817ec11,1,False,False,qwen3.6-35b-a3b-nvfp4,ok
pool_en,T8,user_164fe4b8,user_164fe4b8,3,True,True,qwen3.6-35b-a3b-nvfp4,ok
pool_en,T8,user_165a2706,user_165a2706,1,True,True,qwen3.6-35b-a3b-nvfp4,ok
pool_en,T8,user_16b87e34,user_daf37424,12,False,False,qwen3.6-35b-a3b-nvfp4,ok
pool_en,T8,user_17355c30,user_ecc1ca0a,7,False,True,qwen3.6-35b-a3b-nvfp4,ok
pool_en,T8,user_17607ebc,user_aa31484a,3,False,False,qwen3.6-35b-a3b-nvfp4,ok
pool_en,T8,user_183b3783,user_8fe14601,6,False,False,qwen3.6-35b-a3b-nvfp4,ok
pool_en,T8,user_18522854,user_fc1cfe0b,7,False,False,qwen3.6-35b-a3b-nvfp4,ok
pool_en,T8,user_18892460,user_96d9cb9a,5,False,False,qwen3.6-35b-a3b-nvfp4,ok
pool_en,T8,user_18c333c6,user_567057e7,6,False,False,qwen3.6-35b-a3b-nvfp4,ok
pool_en,T8,user_192a215d,user_e30558fe,7,False,False,qwen3.6-35b-a3b-nvfp4,ok
pool_en,T8,user_194b92fc,user_194b92fc,9,True,True,qwen3.6-35b-a3b-nvfp4,ok
pool_en,T8,user_19641691,user_19641691,1,True,True,qwen3.6-35b-a3b-nvfp4,ok
pool_en,T8,user_19952166,user_80da26a6,11,False,False,qwen3.6-35b-a3b-nvfp4,ok
pool_en,T8,user_1a2755b3,user_1a2755b3,2,True,True,qwen3.6-35b-a3b-nvfp4,ok
pool_en,T8,user_1a4bec69,user_1a4bec69,1,True,True,qwen3.6-35b-a3b-nvfp4,ok
pool_en,T8,user_1a7d6cd5,user_0128a546,10,False,True,qwen3.6-35b-a3b-nvfp4,ok
pool_en,T8,user_1b2d69c1,user_1b2d69c1,1,True,True,qwen3.6-35b-a3b-nvfp4,ok
pool_en,T8,user_1b7f8c56,user_1b7f8c56,3,True,True,qwen3.6-35b-a3b-nvfp4,ok
pool_en,T8,user_1b89f77a,user_ca6074df,6,False,False,qwen3.6-35b-a3b-nvfp4,ok
pool_en,T8,user_1d775dd8,user_0128a546,15,False,False,qwen3.6-35b-a3b-nvfp4,ok
pool_en,T8,user_1dc24686,user_906e2423,6,False,False,qwen3.6-35b-a3b-nvfp4,ok
pool_en,T8,user_1df51301,user_1a2755b3,11,False,False,qwen3.6-35b-a3b-nvfp4,ok
pool_en,T8,user_1e302679,user_1e302679,1,True,True,qwen3.6-35b-a3b-nvfp4,ok
pool_en,T8,user_1f1dc5e0,user_3049510b,10,False,False,qwen3.6-35b-a3b-nvfp4,ok
pool_en,T8,user_1f636ddc,user_6169d3b8,4,False,False,qwen3.6-35b-a3b-nvfp4,ok
pool_en,T8,user_205d25f3,user_1f09455f,2,False,False,qwen3.6-35b-a3b-nvfp4,ok
pool_en,T8,user_20e741d0,user_5c9b579a,12,False,False,qwen3.6-35b-a3b-nvfp4,ok
pool_en,T8,user_2142b6e1,user_dbbf562e,3,False,False,qwen3.6-35b-a3b-nvfp4,ok
pool_en,T8,user_21b4fa31,user_21b4fa31,1,True,True,qwen3.6-35b-a3b-nvfp4,ok
pool_en,T8,user_226be32f,user_0669bdf6,4,False,False,qwen3.6-35b-a3b-nvfp4,ok
pool_en,T8,user_2373103d,user_c5f32c0d,12,False,False,qwen3.6-35b-a3b-nvfp4,ok
pool_en,T8,user_23e46560,user_23e46560,1,True,True,qwen3.6-35b-a3b-nvfp4,ok
pool_en,T8,user_245fd42f,user_dd0bd02d,7,False,True,qwen3.6-35b-a3b-nvfp4,ok
pool_en,T8,user_25652863,user_372c2b3e,3,False,False,qwen3.6-35b-a3b-nvfp4,ok
pool_en,T8,user_25798310,user_8e97a154,2,False,False,qwen3.6-35b-a3b-nvfp4,ok
pool_en,T8,user_25b48a9a,user_b6b89f00,4,False,True,qwen3.6-35b-a3b-nvfp4,ok
pool_en,T8,user_26565155,user_26565155,2,True,True,qwen3.6-35b-a3b-nvfp4,ok
pool_en,T8,user_26fa9d90,user_201c8c78,3,False,False,qwen3.6-35b-a3b-nvfp4,ok
pool_en,T8,user_27a3fa64,user_27a3fa64,3,True,True,qwen3.6-35b-a3b-nvfp4,ok
pool_en,T8,user_2920b35e,user_1230e05a,1,False,False,qwen3.6-35b-a3b-nvfp4,ok
pool_en,T8,user_29cd4556,user_74cfb8ef,1,False,False,qwen3.6-35b-a3b-nvfp4,ok
pool_en,T8,user_2a704b9c,user_884ffdb2,8,False,False,qwen3.6-35b-a3b-nvfp4,ok
pool_en,T8,user_2a94c885,user_636ad58f,8,False,False,qwen3.6-35b-a3b-nvfp4,ok
pool_en,T8,user_2b271761,user_75251485,10,False,False,qwen3.6-35b-a3b-nvfp4,ok
pool_en,T8,user_2b750e1c,user_26565155,3,False,False,qwen3.6-35b-a3b-nvfp4,ok
pool_en,T8,user_2b79ef0b,user_0ff0b922,13,False,False,qwen3.6-35b-a3b-nvfp4,ok
pool_en,T8,user_2c3eb234,user_9d8095fc,14,False,False,qwen3.6-35b-a3b-nvfp4,ok
pool_en,T8,user_2c69b83e,user_6bf0e007,14,False,False,qwen3.6-35b-a3b-nvfp4,ok
pool_en,T8,user_2c940ff8,user_2c940ff8,9,True,True,qwen3.6-35b-a3b-nvfp4,ok
pool_en,T8,user_2d74cd4c,user_9c5cd7fa,9,False,False,qwen3.6-35b-a3b-nvfp4,ok
pool_en,T8,user_2dc10d2d,user_c8f82360,2,False,True,qwen3.6-35b-a3b-nvfp4,ok
pool_en,T8,user_2dd189e3,user_2dd189e3,13,True,True,qwen3.6-35b-a3b-nvfp4,ok
pool_en,T8,user_2eaaa117,user_2eaaa117,4,True,True,qwen3.6-35b-a3b-nvfp4,ok
pool_en,T8,user_2eb5d860,user_2eb5d860,4,True,True,qwen3.6-35b-a3b-nvfp4,ok
pool_en,T8,user_2efde048,user_2efde048,3,True,True,qwen3.6-35b-a3b-nvfp4,ok
pool_en,T8,user_2f1085dd,user_1ae8e7f5,10,False,False,qwen3.6-35b-a3b-nvfp4,ok
pool_en,T8,user_2f766c23,user_1b7f8c56,13,False,False,qwen3.6-35b-a3b-nvfp4,ok
pool_en,T8,user_3049510b,user_039d004e,15,False,True,qwen3.6-35b-a3b-nvfp4,ok
pool_en,T8,user_30802254,user_30802254,6,True,True,qwen3.6-35b-a3b-nvfp4,ok
pool_en,T8,user_3121653d,user_183b3783,8,False,False,qwen3.6-35b-a3b-nvfp4,ok
pool_en,T8,user_32934d38,user_1cfedba8,4,False,False,qwen3.6-35b-a3b-nvfp4,ok
pool_en,T8,user_32ae32f9,user_32ae32f9,8,True,True,qwen3.6-35b-a3b-nvfp4,ok
pool_en,T8,user_32f31383,user_24668d84,12,False,False,qwen3.6-35b-a3b-nvfp4,ok
pool_en,T8,user_3353b96b,user_3353b96b,1,True,True,qwen3.6-35b-a3b-nvfp4,ok
pool_en,T8,user_338e1332,user_636ad58f,11,False,False,qwen3.6-35b-a3b-nvfp4,ok
pool_en,T8,user_34b1fb84,user_c0392523,13,False,False,qwen3.6-35b-a3b-nvfp4,ok
pool_en,T8,user_364bb955,user_1f09455f,6,False,False,qwen3.6-35b-a3b-nvfp4,ok
pool_en,T8,user_36dd1253,user_a01f16ac,8,False,False,qwen3.6-35b-a3b-nvfp4,ok
pool_en,T8,user_372c2b3e,user_2e60c125,6,False,True,qwen3.6-35b-a3b-nvfp4,ok
pool_en,T8,user_378003e3,user_8ac8f24f,10,False,False,qwen3.6-35b-a3b-nvfp4,ok
pool_en,T8,user_37be663c,user_37be663c,2,True,True,qwen3.6-35b-a3b-nvfp4,ok
pool_en,T8,user_38390331,user_9bee2a7c,2,False,False,qwen3.6-35b-a3b-nvfp4,ok
pool_en,T8,user_3850eb9e,user_3850eb9e,3,True,True,qwen3.6-35b-a3b-nvfp4,ok
pool_en,T8,user_38ab51d4,user_1230e05a,1,False,False,qwen3.6-35b-a3b-nvfp4,ok
pool_en,T8,user_3971c3e6,user_da51dede,15,False,False,qwen3.6-35b-a3b-nvfp4,ok
pool_en,T8,user_39939c54,user_39939c54,1,True,True,qwen3.6-35b-a3b-nvfp4,ok
pool_en,T8,user_39aad1a2,user_1022be44,4,False,False,qwen3.6-35b-a3b-nvfp4,ok
pool_en,T8,user_39f8897b,user_39f8897b,1,True,True,qwen3.6-35b-a3b-nvfp4,ok
pool_en,T8,user_3a55606c,user_3a55606c,10,True,True,qwen3.6-35b-a3b-nvfp4,ok
pool_en,T8,user_3b1da5d9,user_a7b901f2,8,False,False,qwen3.6-35b-a3b-nvfp4,ok
pool_en,T8,user_3b90fb53,user_3f798a8b,11,False,False,qwen3.6-35b-a3b-nvfp4,ok
pool_en,T8,user_3bb7992e,user_bd19a016,10,False,False,qwen3.6-35b-a3b-nvfp4,ok
pool_en,T8,user_3ce4c1f8,user_66772d98,5,False,False,qwen3.6-35b-a3b-nvfp4,ok
pool_en,T8,user_3e284ba5,user_3431c049,10,False,False,qwen3.6-35b-a3b-nvfp4,ok
pool_en,T8,user_3eb49f37,user_3eb49f37,1,True,True,qwen3.6-35b-a3b-nvfp4,ok
pool_en,T8,user_3f1d04a6,user_f4f9490d,12,False,False,qwen3.6-35b-a3b-nvfp4,ok
pool_en,T8,user_3f2894b5,user_0fefc28e,13,False,False,qwen3.6-35b-a3b-nvfp4,ok
pool_en,T8,user_3f798a8b,user_3e1f9dc1,1,False,False,qwen3.6-35b-a3b-nvfp4,ok
pool_en,T8,user_3ff3188b,user_be018f9d,9,False,False,qwen3.6-35b-a3b-nvfp4,ok
pool_en,T8,user_3ff88cf0,user_3ff88cf0,14,True,True,qwen3.6-35b-a3b-nvfp4,ok
pool_en,T8,user_40a0bad3,user_40a0bad3,1,True,True,qwen3.6-35b-a3b-nvfp4,ok
pool_en,T8,user_40efa894,user_e409a56d,3,False,False,qwen3.6-35b-a3b-nvfp4,ok
pool_en,T8,user_41b20ee4,user_91db6e48,3,False,False,qwen3.6-35b-a3b-nvfp4,ok
pool_en,T8,user_433bdef0,user_a00e0552,12,False,False,qwen3.6-35b-a3b-nvfp4,ok
pool_en,T8,user_434f3511,user_434f3511,2,True,True,qwen3.6-35b-a3b-nvfp4,ok
pool_en,T8,user_44567221,user_f827c7dd,14,False,False,qwen3.6-35b-a3b-nvfp4,ok
pool_en,T8,user_454733da,user_454733da,1,True,True,qwen3.6-35b-a3b-nvfp4,ok
pool_en,T8,user_45926b89,user_45926b89,4,True,True,qwen3.6-35b-a3b-nvfp4,ok
pool_en,T8,user_45d008d3,user_bbcbf015,1,False,False,qwen3.6-35b-a3b-nvfp4,ok
pool_en,T8,user_4607d25d,user_5c82df31,13,False,False,qwen3.6-35b-a3b-nvfp4,ok
pool_en,T8,user_46e2e7ec,user_46e2e7ec,1,True,True,qwen3.6-35b-a3b-nvfp4,ok
pool_en,T8,user_476670f9,user_b14ec02b,6,False,False,qwen3.6-35b-a3b-nvfp4,ok
pool_en,T8,user_4aaa8404,user_4aaa8404,9,True,True,qwen3.6-35b-a3b-nvfp4,ok
pool_en,T8,user_4ab9d510,user_ee14f818,4,False,False,qwen3.6-35b-a3b-nvfp4,ok
pool_en,T8,user_4b139395,user_1dc24686,13,False,False,qwen3.6-35b-a3b-nvfp4,ok
pool_en,T8,user_4b8335bd,user_6169d3b8,10,False,False,qwen3.6-35b-a3b-nvfp4,ok
pool_en,T8,user_4bd9303b,user_fdc08e26,10,False,False,qwen3.6-35b-a3b-nvfp4,ok
pool_en,T8,user_4cad4295,user_0c578ab5,7,False,False,qwen3.6-35b-a3b-nvfp4,ok
pool_en,T8,user_4d4f73a6,user_45be01a5,3,False,False,qwen3.6-35b-a3b-nvfp4,ok
pool_en,T8,user_4e42bf97,user_36d44add,13,False,False,qwen3.6-35b-a3b-nvfp4,ok
pool_en,T8,user_4e54f3d7,user_75251485,12,False,False,qwen3.6-35b-a3b-nvfp4,ok
pool_en,T8,user_4f3b6241,user_c903d3bb,3,False,False,qwen3.6-35b-a3b-nvfp4,ok
pool_en,T8,user_4f8b6987,user_39b3eda0,5,False,False,qwen3.6-35b-a3b-nvfp4,ok
pool_en,T8,user_500badda,user_795650bb,8,False,True,qwen3.6-35b-a3b-nvfp4,ok
pool_en,T8,user_5062c872,user_5062c872,2,True,True,qwen3.6-35b-a3b-nvfp4,ok
pool_en,T8,user_515ae840,user_75bc9924,15,False,False,qwen3.6-35b-a3b-nvfp4,ok
pool_en,T8,user_524450e9,user_f75c71f0,10,False,False,qwen3.6-35b-a3b-nvfp4,ok
pool_en,T8,user_529e3009,user_529e3009,1,True,True,qwen3.6-35b-a3b-nvfp4,ok
pool_en,T8,user_52d3881c,user_52d3881c,2,True,True,qwen3.6-35b-a3b-nvfp4,ok
pool_en,T8,user_53325367,user_be018f9d,1,False,False,qwen3.6-35b-a3b-nvfp4,ok
pool_en,T8,user_54c1ebee,user_55058479,5,False,False,qwen3.6-35b-a3b-nvfp4,ok
pool_en,T8,user_56909460,user_df8dc9bb,2,False,False,qwen3.6-35b-a3b-nvfp4,ok
pool_en,T8,user_56980aa9,user_56980aa9,1,True,True,qwen3.6-35b-a3b-nvfp4,ok
pool_en,T8,user_5738db35,user_5738db35,1,True,True,qwen3.6-35b-a3b-nvfp4,ok
pool_en,T8,user_582ff5b2,user_3f798a8b,6,False,False,qwen3.6-35b-a3b-nvfp4,ok
pool_en,T8,user_586752e4,user_586752e4,8,True,True,qwen3.6-35b-a3b-nvfp4,ok
pool_en,T8,user_58892c7c,user_a9ed5193,1,False,False,qwen3.6-35b-a3b-nvfp4,ok
pool_en,T8,user_58bfeaad,user_e409a56d,4,False,False,qwen3.6-35b-a3b-nvfp4,ok
pool_en,T8,user_59d9db83,user_f827c7dd,9,False,False,qwen3.6-35b-a3b-nvfp4,ok
pool_en,T8,user_5a5bee64,user_b6350ec1,7,False,False,qwen3.6-35b-a3b-nvfp4,ok
pool_en,T8,user_5a6c91dd,user_bbe73426,15,False,False,qwen3.6-35b-a3b-nvfp4,ok
pool_en,T8,user_5a6f92a6,user_5a6f92a6,1,True,True,qwen3.6-35b-a3b-nvfp4,ok
pool_en,T8,user_5ac1a174,user_438fb63c,1,False,True,qwen3.6-35b-a3b-nvfp4,ok
pool_en,T8,user_5c09bb3d,user_1230e05a,12,False,False,qwen3.6-35b-a3b-nvfp4,ok
pool_en,T8,user_5c5a0b40,user_daf37424,1,False,False,qwen3.6-35b-a3b-nvfp4,ok
pool_en,T8,user_5c82df31,user_3f2fbc90,4,False,False,qwen3.6-35b-a3b-nvfp4,ok
pool_en,T8,user_5d1b0daf,user_b6350ec1,7,False,False,qwen3.6-35b-a3b-nvfp4,ok
pool_en,T8,user_5f4ee256,user_636ad58f,4,False,False,qwen3.6-35b-a3b-nvfp4,ok
pool_en,T8,user_6169d3b8,user_6169d3b8,1,True,True,qwen3.6-35b-a3b-nvfp4,ok
pool_en,T8,user_61f90240,user_636ad58f,8,False,True,qwen3.6-35b-a3b-nvfp4,ok
pool_en,T8,user_63110023,user_bbe73426,3,False,False,qwen3.6-35b-a3b-nvfp4,ok
pool_en,T8,user_636d1da4,user_dac2c359,15,False,False,qwen3.6-35b-a3b-nvfp4,ok
pool_en,T8,user_6427334a,user_6427334a,11,True,True,qwen3.6-35b-a3b-nvfp4,ok
pool_en,T8,user_6476648d,user_8e92b8c1,8,False,False,qwen3.6-35b-a3b-nvfp4,ok
pool_en,T8,user_649f4327,user_c8f82360,10,False,False,qwen3.6-35b-a3b-nvfp4,ok
pool_en,T8,user_657c72ca,user_39939c54,11,False,False,qwen3.6-35b-a3b-nvfp4,ok
pool_en,T8,user_6592f2e4,user_6592f2e4,1,True,True,qwen3.6-35b-a3b-nvfp4,ok
pool_en,T8,user_65d73ac1,user_65d73ac1,6,True,True,qwen3.6-35b-a3b-nvfp4,ok
pool_en,T8,user_68349053,user_68349053,1,True,True,qwen3.6-35b-a3b-nvfp4,ok
pool_en,T8,user_68d19df8,user_1022be44,6,False,False,qwen3.6-35b-a3b-nvfp4,ok
pool_en,T8,user_69193575,user_4893b4d0,3,False,False,qwen3.6-35b-a3b-nvfp4,ok
pool_en,T8,user_69a4dd06,user_259776c7,6,False,False,qwen3.6-35b-a3b-nvfp4,ok
pool_en,T8,user_69df6330,user_a743aff9,5,False,False,qwen3.6-35b-a3b-nvfp4,ok
pool_en,T8,user_6ab1739a,user_1b7f8c56,1,False,False,qwen3.6-35b-a3b-nvfp4,ok
pool_en,T8,user_6ab8f7d4,user_54c1ebee,9,False,False,qwen3.6-35b-a3b-nvfp4,ok
pool_en,T8,user_6d071251,user_6d071251,1,True,True,qwen3.6-35b-a3b-nvfp4,ok
pool_en,T8,user_6d2cb415,user_98ca16a6,1,False,False,qwen3.6-35b-a3b-nvfp4,ok
pool_en,T8,user_6d421600,user_6d421600,2,True,True,qwen3.6-35b-a3b-nvfp4,ok
pool_en,T8,user_6f1b0197,user_a8c2208d,11,False,False,qwen3.6-35b-a3b-nvfp4,ok
pool_en,T8,user_6fa47d61,user_6fa47d61,5,True,True,qwen3.6-35b-a3b-nvfp4,ok
pool_en,T8,user_6fc85c06,user_6fc85c06,2,True,True,qwen3.6-35b-a3b-nvfp4,ok
pool_en,T8,user_6fccf8b5,user_0697c470,1,False,False,qwen3.6-35b-a3b-nvfp4,ok
pool_en,T8,user_723406a0,user_723406a0,11,True,True,qwen3.6-35b-a3b-nvfp4,ok
pool_en,T8,user_72bed676,user_72bed676,1,True,True,qwen3.6-35b-a3b-nvfp4,ok
pool_en,T8,user_7322f4ef,user_ba4a78fc,1,False,False,qwen3.6-35b-a3b-nvfp4,ok
pool_en,T8,user_737d3148,user_737d3148,2,True,True,qwen3.6-35b-a3b-nvfp4,ok
pool_en,T8,user_73a4377d,user_885e8708,9,False,False,qwen3.6-35b-a3b-nvfp4,ok
pool_en,T8,user_73f34c5d,user_233fda02,2,False,False,qwen3.6-35b-a3b-nvfp4,ok
pool_en,T8,user_74025dc0,user_3e284ba5,3,False,False,qwen3.6-35b-a3b-nvfp4,ok
pool_en,T8,user_74cfb8ef,user_26fa9d90,5,False,True,qwen3.6-35b-a3b-nvfp4,ok
pool_en,T8,user_74e32d78,user_b563e90b,8,False,True,qwen3.6-35b-a3b-nvfp4,ok
pool_en,T8,user_756e2f00,user_9d65649f,2,False,False,qwen3.6-35b-a3b-nvfp4,ok
pool_en,T8,user_75905116,user_00a2f533,11,False,False,qwen3.6-35b-a3b-nvfp4,ok
pool_en,T8,user_7709815a,user_f3a9f844,1,False,False,qwen3.6-35b-a3b-nvfp4,ok
pool_en,T8,user_78eff25f,user_78eff25f,1,True,True,qwen3.6-35b-a3b-nvfp4,ok
pool_en,T8,user_7924afc9,user_b6350ec1,4,False,False,qwen3.6-35b-a3b-nvfp4,ok
pool_en,T8,user_795eb408,user_795eb408,5,True,True,qwen3.6-35b-a3b-nvfp4,ok
pool_en,T8,user_79f04645,user_75bc9924,9,False,False,qwen3.6-35b-a3b-nvfp4,ok
pool_en,T8,user_7a8f7f3e,user_a01f16ac,13,False,False,qwen3.6-35b-a3b-nvfp4,ok
pool_en,T8,user_7b052f32,user_a4893af1,6,False,True,qwen3.6-35b-a3b-nvfp4,ok
pool_en,T8,user_7b2d0be1,user_ffe2efae,6,False,False,qwen3.6-35b-a3b-nvfp4,ok
pool_en,T8,user_7b4c75ab,user_7b4c75ab,4,True,True,qwen3.6-35b-a3b-nvfp4,ok
pool_en,T8,user_7c45fa70,user_7c45fa70,1,True,True,qwen3.6-35b-a3b-nvfp4,ok
pool_en,T8,user_7c7220a4,user_0128a546,1,False,False,qwen3.6-35b-a3b-nvfp4,ok
pool_en,T8,user_7f623d19,user_7f623d19,1,True,True,qwen3.6-35b-a3b-nvfp4,ok
pool_en,T8,user_7fd91653,user_535a7192,2,False,True,qwen3.6-35b-a3b-nvfp4,ok
pool_en,T8,user_7fef9da8,user_7fef9da8,11,True,True,qwen3.6-35b-a3b-nvfp4,ok
pool_en,T8,user_8006727d,user_bd6a40d5,1,False,False,qwen3.6-35b-a3b-nvfp4,ok
pool_en,T8,user_80da26a6,user_f6188968,15,False,True,qwen3.6-35b-a3b-nvfp4,ok
pool_en,T8,user_80dc757f,user_ee14f818,15,False,False,qwen3.6-35b-a3b-nvfp4,ok
pool_en,T8,user_81a80789,user_93cdb7a1,14,False,False,qwen3.6-35b-a3b-nvfp4,ok
pool_en,T8,user_823846de,user_823846de,13,True,True,qwen3.6-35b-a3b-nvfp4,ok
pool_en,T8,user_8285a696,user_91db6e48,6,False,False,qwen3.6-35b-a3b-nvfp4,ok
pool_en,T8,user_82879210,user_82879210,9,True,True,qwen3.6-35b-a3b-nvfp4,ok
pool_en,T8,user_829844fd,user_8d968cfb,3,False,False,qwen3.6-35b-a3b-nvfp4,ok
pool_en,T8,user_82d93459,user_2817ec11,2,False,False,qwen3.6-35b-a3b-nvfp4,ok
pool_en,T8,user_83e45cc0,user_83e45cc0,1,True,True,qwen3.6-35b-a3b-nvfp4,ok
pool_en,T8,user_84703a6e,user_650da71b,14,False,False,qwen3.6-35b-a3b-nvfp4,ok
pool_en,T8,user_84c14a6f,user_84c14a6f,3,True,True,qwen3.6-35b-a3b-nvfp4,ok
pool_en,T8,user_84fe1a7a,user_84fe1a7a,3,True,True,qwen3.6-35b-a3b-nvfp4,ok
pool_en,T8,user_85810097,user_c06d9b71,3,False,False,qwen3.6-35b-a3b-nvfp4,ok
pool_en,T8,user_8663226a,user_a01f16ac,1,False,False,qwen3.6-35b-a3b-nvfp4,ok
pool_en,T8,user_86685a27,user_ecc1ca0a,4,False,False,qwen3.6-35b-a3b-nvfp4,ok
pool_en,T8,user_869fcb2b,user_b8f24804,8,False,False,qwen3.6-35b-a3b-nvfp4,ok
pool_en,T8,user_8713f22a,user_30802254,13,False,False,qwen3.6-35b-a3b-nvfp4,ok
pool_en,T8,user_87e5d9b0,user_87e5d9b0,1,True,True,qwen3.6-35b-a3b-nvfp4,ok
pool_en,T8,user_885e8708,user_91db6e48,7,False,True,qwen3.6-35b-a3b-nvfp4,ok
pool_en,T8,user_88f46c7b,user_88f46c7b,1,True,True,qwen3.6-35b-a3b-nvfp4,ok
pool_en,T8,user_89f449b4,user_0a3bcf86,15,False,False,qwen3.6-35b-a3b-nvfp4,ok
pool_en,T8,user_8a760553,user_73f34c5d,2,False,False,qwen3.6-35b-a3b-nvfp4,ok
pool_en,T8,user_8ae8c359,user_364bb955,7,False,False,qwen3.6-35b-a3b-nvfp4,ok
pool_en,T8,user_8afa3eba,user_c4c70447,12,False,False,qwen3.6-35b-a3b-nvfp4,ok
pool_en,T8,user_8c6db6ed,user_82d93459,11,False,True,qwen3.6-35b-a3b-nvfp4,ok
pool_en,T8,user_8d22714e,user_8d22714e,5,True,True,qwen3.6-35b-a3b-nvfp4,ok
pool_en,T8,user_8d85acb5,user_8d85acb5,1,True,True,qwen3.6-35b-a3b-nvfp4,ok
pool_en,T8,user_8d968cfb,user_17607ebc,14,False,False,qwen3.6-35b-a3b-nvfp4,ok
pool_en,T8,user_8da30894,user_5b7d5e00,1,False,True,qwen3.6-35b-a3b-nvfp4,ok
pool_en,T8,user_8dd20d7f,user_8dd20d7f,2,True,True,qwen3.6-35b-a3b-nvfp4,ok
pool_en,T8,user_8e48a3f8,user_8e48a3f8,6,True,True,qwen3.6-35b-a3b-nvfp4,ok
pool_en,T8,user_8e97a154,user_1eefeb8c,2,False,False,qwen3.6-35b-a3b-nvfp4,ok
pool_en,T8,user_8eac0a68,user_e5f67397,1,False,True,qwen3.6-35b-a3b-nvfp4,ok
pool_en,T8,user_8f08aa94,user_8f08aa94,1,True,True,qwen3.6-35b-a3b-nvfp4,ok
pool_en,T8,user_8fe14601,user_7b5f54c0,10,False,False,qwen3.6-35b-a3b-nvfp4,ok
pool_en,T8,user_90202189,user_4a57e449,7,False,False,qwen3.6-35b-a3b-nvfp4,ok
pool_en,T8,user_902af20f,user_902af20f,14,True,True,qwen3.6-35b-a3b-nvfp4,ok
pool_en,T8,user_903329bb,user_2817ec11,8,False,False,qwen3.6-35b-a3b-nvfp4,ok
pool_en,T8,user_906e2423,user_906e2423,1,True,True,qwen3.6-35b-a3b-nvfp4,ok
pool_en,T8,user_916503d6,user_71b9b8e0,10,False,False,qwen3.6-35b-a3b-nvfp4,ok
pool_en,T8,user_920c074a,user_b888c512,4,False,False,qwen3.6-35b-a3b-nvfp4,ok
pool_en,T8,user_938164a5,user_b6350ec1,10,False,False,qwen3.6-35b-a3b-nvfp4,ok
pool_en,T8,user_943e4045,user_91321efa,5,False,False,qwen3.6-35b-a3b-nvfp4,ok
pool_en,T8,user_954805d7,user_75251485,10,False,False,qwen3.6-35b-a3b-nvfp4,ok
pool_en,T8,user_959adfc8,user_ee8d5ec5,9,False,False,qwen3.6-35b-a3b-nvfp4,ok
pool_en,T8,user_95d648bc,user_2817ec11,7,False,False,qwen3.6-35b-a3b-nvfp4,ok
pool_en,T8,user_9600e8bf,user_a00e0552,8,False,False,qwen3.6-35b-a3b-nvfp4,ok
pool_en,T8,user_96013176,user_b6b89f00,6,False,False,qwen3.6-35b-a3b-nvfp4,ok
pool_en,T8,user_9692f077,user_0697c470,1,False,False,qwen3.6-35b-a3b-nvfp4,ok
pool_en,T8,user_96c3cc43,user_75bc9924,2,False,False,qwen3.6-35b-a3b-nvfp4,ok
pool_en,T8,user_96d9cb9a,user_dac2c359,9,False,False,qwen3.6-35b-a3b-nvfp4,ok
pool_en,T8,user_97330742,user_f6c0aefc,1,False,True,qwen3.6-35b-a3b-nvfp4,ok
pool_en,T8,user_979ee068,user_979ee068,1,True,True,qwen3.6-35b-a3b-nvfp4,ok
pool_en,T8,user_9818dcae,user_9b6481e4,3,False,False,qwen3.6-35b-a3b-nvfp4,ok
pool_en,T8,user_98a676ce,user_98a676ce,14,True,True,qwen3.6-35b-a3b-nvfp4,ok
pool_en,T8,user_98ca16a6,user_a01f16ac,5,False,False,qwen3.6-35b-a3b-nvfp4,ok
pool_en,T8,user_98f18241,user_98f18241,9,True,True,qwen3.6-35b-a3b-nvfp4,ok
pool_en,T8,user_9991e1d8,user_2b750e1c,8,False,False,qwen3.6-35b-a3b-nvfp4,ok
pool_en,T8,user_99c67f2f,user_99c67f2f,1,True,True,qwen3.6-35b-a3b-nvfp4,ok
pool_en,T8,user_9a307ebe,user_9a307ebe,1,True,True,qwen3.6-35b-a3b-nvfp4,ok
pool_en,T8,user_9a5457b0,user_91db6e48,2,False,False,qwen3.6-35b-a3b-nvfp4,ok
pool_en,T8,user_9b517815,user_454733da,2,False,False,qwen3.6-35b-a3b-nvfp4,ok
pool_en,T8,user_9b6481e4,user_0bd8ba7c,11,False,False,qwen3.6-35b-a3b-nvfp4,ok
pool_en,T8,user_9bee2a7c,user_9bee2a7c,8,True,True,qwen3.6-35b-a3b-nvfp4,ok
pool_en,T8,user_9c5cd7fa,user_9c5cd7fa,15,True,True,qwen3.6-35b-a3b-nvfp4,ok
pool_en,T8,user_9c5e4782,user_f959eee4,1,False,False,qwen3.6-35b-a3b-nvfp4,ok
pool_en,T8,user_9c7183c8,user_3ff88cf0,4,False,False,qwen3.6-35b-a3b-nvfp4,ok
pool_en,T8,user_9ce96cbf,user_b8daec75,12,False,False,qwen3.6-35b-a3b-nvfp4,ok
pool_en,T8,user_9d8095fc,user_9d8095fc,3,True,True,qwen3.6-35b-a3b-nvfp4,ok
pool_en,T8,user_9d9fba70,user_f654c33b,3,False,False,qwen3.6-35b-a3b-nvfp4,ok
pool_en,T8,user_9dda4af9,user_1b7f8c56,11,False,False,qwen3.6-35b-a3b-nvfp4,ok
pool_en,T8,user_9e328c4e,user_9e328c4e,1,True,True,qwen3.6-35b-a3b-nvfp4,ok
pool_en,T8,user_9e39a95d,user_c8f82360,2,False,False,qwen3.6-35b-a3b-nvfp4,ok
pool_en,T8,user_9f81cfba,user_405db206,3,False,False,qwen3.6-35b-a3b-nvfp4,ok
pool_en,T8,user_9fc3c829,user_92fe4471,3,False,False,qwen3.6-35b-a3b-nvfp4,ok
pool_en,T8,user_9ff844ba,user_9ff844ba,4,True,True,qwen3.6-35b-a3b-nvfp4,ok
pool_en,T8,user_a01f16ac,user_a01f16ac,1,True,True,qwen3.6-35b-a3b-nvfp4,ok
pool_en,T8,user_a0fa40f1,user_a01f16ac,1,False,False,qwen3.6-35b-a3b-nvfp4,ok
pool_en,T8,user_a151ddab,user_510aaba3,10,False,False,qwen3.6-35b-a3b-nvfp4,ok
pool_en,T8,user_a1b097c2,user_c4b781ce,1,False,False,qwen3.6-35b-a3b-nvfp4,ok
pool_en,T8,user_a2825b06,user_a2825b06,1,True,True,qwen3.6-35b-a3b-nvfp4,ok
pool_en,T8,user_a2f8bfd2,user_a2f8bfd2,1,True,True,qwen3.6-35b-a3b-nvfp4,ok
pool_en,T8,user_a346dfc4,user_bbb0205e,8,False,False,qwen3.6-35b-a3b-nvfp4,ok
pool_en,T8,user_a4893af1,user_3b79395c,10,False,False,qwen3.6-35b-a3b-nvfp4,ok
pool_en,T8,user_a4a77a7d,user_3f2fbc90,3,False,False,qwen3.6-35b-a3b-nvfp4,ok
pool_en,T8,user_a4aab257,user_a4aab257,6,True,True,qwen3.6-35b-a3b-nvfp4,ok
pool_en,T8,user_a4ae4e77,user_b4214db6,8,False,False,qwen3.6-35b-a3b-nvfp4,ok
pool_en,T8,user_a52dd639,user_a52dd639,2,True,True,qwen3.6-35b-a3b-nvfp4,ok
pool_en,T8,user_a57a04fa,user_636ad58f,4,False,False,qwen3.6-35b-a3b-nvfp4,ok
pool_en,T8,user_a57e47b1,user_30802254,5,False,False,qwen3.6-35b-a3b-nvfp4,ok
pool_en,T8,user_a6a094cf,user_a6a094cf,1,True,True,qwen3.6-35b-a3b-nvfp4,ok
pool_en,T8,user_a743aff9,user_79a1811b,2,False,False,qwen3.6-35b-a3b-nvfp4,ok
pool_en,T8,user_a8dc91a3,user_ee14f818,8,False,False,qwen3.6-35b-a3b-nvfp4,ok
pool_en,T8,user_a973cf8e,user_a973cf8e,1,True,True,qwen3.6-35b-a3b-nvfp4,ok
pool_en,T8,user_a9ed5193,user_a9ed5193,1,True,True,qwen3.6-35b-a3b-nvfp4,ok
pool_en,T8,user_aa4cc34a,user_5c9b579a,1,False,False,qwen3.6-35b-a3b-nvfp4,ok
pool_en,T8,user_aaa1e595,user_dbbf562e,7,False,False,qwen3.6-35b-a3b-nvfp4,ok
pool_en,T8,user_ab434739,user_687feee4,12,False,True,qwen3.6-35b-a3b-nvfp4,ok
pool_en,T8,user_ab439a92,user_b4f295b3,6,False,True,qwen3.6-35b-a3b-nvfp4,ok
pool_en,T8,user_ab5592eb,user_7aa3746b,2,False,True,qwen3.6-35b-a3b-nvfp4,ok
pool_en,T8,user_ab8e847b,user_ab8e847b,2,True,True,qwen3.6-35b-a3b-nvfp4,ok
pool_en,T8,user_abde0618,user_ca130b8f,9,False,False,qwen3.6-35b-a3b-nvfp4,ok
pool_en,T8,user_ac6d6bff,user_ac6d6bff,1,True,True,qwen3.6-35b-a3b-nvfp4,ok
pool_en,T8,user_ac6e9129,user_ac6e9129,1,True,True,qwen3.6-35b-a3b-nvfp4,ok
pool_en,T8,user_acb51eed,user_9c5cd7fa,4,False,False,qwen3.6-35b-a3b-nvfp4,ok
pool_en,T8,user_acb899e9,user_6169d3b8,1,False,False,qwen3.6-35b-a3b-nvfp4,ok
pool_en,T8,user_acd6ddfb,user_e88c308b,4,False,False,qwen3.6-35b-a3b-nvfp4,ok
pool_en,T8,user_ad15a0a4,user_ad15a0a4,4,True,True,qwen3.6-35b-a3b-nvfp4,ok
pool_en,T8,user_b1c16312,user_b1c16312,5,True,True,qwen3.6-35b-a3b-nvfp4,ok
pool_en,T8,user_b23aa915,user_b23aa915,2,True,True,qwen3.6-35b-a3b-nvfp4,ok
pool_en,T8,user_b2aba63a,user_5159d3a1,9,False,True,qwen3.6-35b-a3b-nvfp4,ok
pool_en,T8,user_b2dd04c8,user_75251485,2,False,False,qwen3.6-35b-a3b-nvfp4,ok
pool_en,T8,user_b2f3c0d2,user_b2f3c0d2,2,True,True,qwen3.6-35b-a3b-nvfp4,ok
pool_en,T8,user_b325310b,user_b325310b,3,True,True,qwen3.6-35b-a3b-nvfp4,ok
pool_en,T8,user_b337cb0c,user_405db206,11,False,False,qwen3.6-35b-a3b-nvfp4,ok
pool_en,T8,user_b49274ca,user_f654c33b,10,False,False,qwen3.6-35b-a3b-nvfp4,ok
pool_en,T8,user_b4d7e69a,user_afff552a,4,False,False,qwen3.6-35b-a3b-nvfp4,ok
pool_en,T8,user_b4f295b3,user_a411fb06,3,False,False,qwen3.6-35b-a3b-nvfp4,ok
pool_en,T8,user_b563e90b,user_b563e90b,11,True,True,qwen3.6-35b-a3b-nvfp4,ok
pool_en,T8,user_b5af9db9,user_8fe14601,13,False,False,qwen3.6-35b-a3b-nvfp4,ok
pool_en,T8,user_b628264a,user_598cc905,3,False,False,qwen3.6-35b-a3b-nvfp4,ok
pool_en,T8,user_b6350ec1,user_092e219d,12,False,True,qwen3.6-35b-a3b-nvfp4,ok
pool_en,T8,user_b63ea1d4,user_b63ea1d4,6,True,True,qwen3.6-35b-a3b-nvfp4,ok
pool_en,T8,user_b6b89f00,user_b6b89f00,2,True,True,qwen3.6-35b-a3b-nvfp4,ok
pool_en,T8,user_b7ba6422,user_b16e0cf8,14,False,False,qwen3.6-35b-a3b-nvfp4,ok
pool_en,T8,user_b888c512,user_bbe73426,6,False,True,qwen3.6-35b-a3b-nvfp4,ok
pool_en,T8,user_b8f24804,user_b8f24804,2,True,True,qwen3.6-35b-a3b-nvfp4,ok
pool_en,T8,user_b9036662,user_b9036662,3,True,True,qwen3.6-35b-a3b-nvfp4,ok
pool_en,T8,user_ba010eec,user_ba010eec,7,True,True,qwen3.6-35b-a3b-nvfp4,ok
pool_en,T8,user_ba463257,user_9d65649f,15,False,False,qwen3.6-35b-a3b-nvfp4,ok
pool_en,T8,user_ba8b1c05,user_26fa9d90,14,False,False,qwen3.6-35b-a3b-nvfp4,ok
pool_en,T8,user_baeb91b3,user_124651ff,9,False,False,qwen3.6-35b-a3b-nvfp4,ok
pool_en,T8,user_baf68fe9,user_40a0bad3,1,False,False,qwen3.6-35b-a3b-nvfp4,ok
pool_en,T8,user_bb8be7e3,user_bb8be7e3,3,True,True,qwen3.6-35b-a3b-nvfp4,ok
pool_en,T8,user_bbcbf015,user_233fda02,2,False,True,qwen3.6-35b-a3b-nvfp4,ok
pool_en,T8,user_bbe73426,user_bbe73426,11,True,True,qwen3.6-35b-a3b-nvfp4,ok
pool_en,T8,user_bd19a016,user_1230e05a,1,False,False,qwen3.6-35b-a3b-nvfp4,ok
pool_en,T8,user_bd47000f,user_423c81dc,14,False,False,qwen3.6-35b-a3b-nvfp4,ok
pool_en,T8,user_bdcc6e7d,user_650da71b,14,False,False,qwen3.6-35b-a3b-nvfp4,ok
pool_en,T8,user_be06391b,user_2817ec11,14,False,False,qwen3.6-35b-a3b-nvfp4,ok
pool_en,T8,user_beca29a3,user_beca29a3,1,True,True,qwen3.6-35b-a3b-nvfp4,ok
pool_en,T8,user_bf30f80d,user_e409a56d,4,False,False,qwen3.6-35b-a3b-nvfp4,ok
pool_en,T8,user_c008345b,user_80da26a6,3,False,False,qwen3.6-35b-a3b-nvfp4,ok
pool_en,T8,user_c0392523,user_c0392523,1,True,True,qwen3.6-35b-a3b-nvfp4,ok
pool_en,T8,user_c06d9b71,user_ee14f818,9,False,False,qwen3.6-35b-a3b-nvfp4,ok
pool_en,T8,user_c0eba9f2,user_c0eba9f2,1,True,True,qwen3.6-35b-a3b-nvfp4,ok
pool_en,T8,user_c130412b,user_8e92b8c1,13,False,False,qwen3.6-35b-a3b-nvfp4,ok
pool_en,T8,user_c154e834,user_fa60616d,7,False,False,qwen3.6-35b-a3b-nvfp4,ok
pool_en,T8,user_c157ca97,user_52d3881c,3,False,False,qwen3.6-35b-a3b-nvfp4,ok
pool_en,T8,user_c204a1dd,user_d036c911,2,False,False,qwen3.6-35b-a3b-nvfp4,ok
pool_en,T8,user_c2f18cf7,user_c06d9b71,8,False,False,qwen3.6-35b-a3b-nvfp4,ok
pool_en,T8,user_c3040c7c,user_4a57e449,15,False,False,qwen3.6-35b-a3b-nvfp4,ok
pool_en,T8,user_c39d41d7,user_3e284ba5,3,False,False,qwen3.6-35b-a3b-nvfp4,ok
pool_en,T8,user_c41de62b,user_6ab1739a,10,False,False,qwen3.6-35b-a3b-nvfp4,ok
pool_en,T8,user_c4c70447,user_24668d84,5,False,False,qwen3.6-35b-a3b-nvfp4,ok
pool_en,T8,user_c50a487d,user_9a5457b0,1,False,False,qwen3.6-35b-a3b-nvfp4,ok
pool_en,T8,user_c536b01d,user_c536b01d,2,True,True,qwen3.6-35b-a3b-nvfp4,ok
pool_en,T8,user_c59ebe9c,user_95d648bc,6,False,False,qwen3.6-35b-a3b-nvfp4,ok
pool_en,T8,user_c5c57a9d,user_2dd189e3,2,False,False,qwen3.6-35b-a3b-nvfp4,ok
pool_en,T8,user_c5f32c0d,user_f27da10a,10,False,False,qwen3.6-35b-a3b-nvfp4,ok
pool_en,T8,user_c60d65b5,user_c60d65b5,10,True,True,qwen3.6-35b-a3b-nvfp4,ok
pool_en,T8,user_c67f26cc,user_c67f26cc,8,True,True,qwen3.6-35b-a3b-nvfp4,ok
pool_en,T8,user_c709e252,user_c709e252,13,True,True,qwen3.6-35b-a3b-nvfp4,ok
pool_en,T8,user_c809e3d2,user_2e60c125,8,False,False,qwen3.6-35b-a3b-nvfp4,ok
pool_en,T8,user_c81fae29,user_5dc5c2dc,9,False,False,qwen3.6-35b-a3b-nvfp4,ok
pool_en,T8,user_c883258f,user_c883258f,3,True,True,qwen3.6-35b-a3b-nvfp4,ok
pool_en,T8,user_c8e749e2,user_111cfe7d,2,False,False,qwen3.6-35b-a3b-nvfp4,ok
pool_en,T8,user_c903d3bb,user_c903d3bb,4,True,True,qwen3.6-35b-a3b-nvfp4,ok
pool_en,T8,user_c96b90fe,user_5c09bb3d,15,False,False,qwen3.6-35b-a3b-nvfp4,ok
pool_en,T8,user_c994138f,user_1df51301,2,False,False,qwen3.6-35b-a3b-nvfp4,ok
pool_en,T8,user_caa6a7b6,user_3239132f,11,False,False,qwen3.6-35b-a3b-nvfp4,ok
pool_en,T8,user_caebed72,user_8da30894,9,False,False,qwen3.6-35b-a3b-nvfp4,ok
pool_en,T8,user_cb2fe204,user_f0b144fc,2,False,False,qwen3.6-35b-a3b-nvfp4,ok
pool_en,T8,user_cb8245f7,user_cb8245f7,1,True,True,qwen3.6-35b-a3b-nvfp4,ok
pool_en,T8,user_cdd86523,user_cdd86523,2,True,True,qwen3.6-35b-a3b-nvfp4,ok
pool_en,T8,user_cf393213,user_886f7373,8,False,False,qwen3.6-35b-a3b-nvfp4,ok
pool_en,T8,user_d023a78e,user_d023a78e,1,True,True,qwen3.6-35b-a3b-nvfp4,ok
pool_en,T8,user_d036c911,user_ea67f9c6,3,False,True,qwen3.6-35b-a3b-nvfp4,ok
pool_en,T8,user_d074356a,user_33b2b77f,4,False,False,qwen3.6-35b-a3b-nvfp4,ok
pool_en,T8,user_d10d1f24,user_d10d1f24,3,True,True,qwen3.6-35b-a3b-nvfp4,ok
pool_en,T8,user_d14b7d7b,user_434f3511,1,False,False,qwen3.6-35b-a3b-nvfp4,ok
pool_en,T8,user_d1d16d30,user_d1d16d30,2,True,True,qwen3.6-35b-a3b-nvfp4,ok
pool_en,T8,user_d2c97c8e,user_74cfb8ef,1,False,False,qwen3.6-35b-a3b-nvfp4,ok
pool_en,T8,user_d4b7e22e,user_d4b7e22e,1,True,True,qwen3.6-35b-a3b-nvfp4,ok
pool_en,T8,user_d50d7985,user_ded778b8,1,False,False,qwen3.6-35b-a3b-nvfp4,ok
pool_en,T8,user_d5d4fc6e,user_d5d4fc6e,15,True,True,qwen3.6-35b-a3b-nvfp4,ok
pool_en,T8,user_d761140c,user_d761140c,4,True,True,qwen3.6-35b-a3b-nvfp4,ok
pool_en,T8,user_d849ac6e,user_c60d65b5,15,False,False,qwen3.6-35b-a3b-nvfp4,ok
pool_en,T8,user_d955d7e2,user_d955d7e2,1,True,True,qwen3.6-35b-a3b-nvfp4,ok
pool_en,T8,user_da51dede,user_da51dede,3,True,True,qwen3.6-35b-a3b-nvfp4,ok
pool_en,T8,user_dac2c359,user_60a65d98,10,False,True,qwen3.6-35b-a3b-nvfp4,ok
pool_en,T8,user_daf37424,user_b6350ec1,2,False,False,qwen3.6-35b-a3b-nvfp4,ok
pool_en,T8,user_db4c3fb9,user_db4c3fb9,11,True,True,qwen3.6-35b-a3b-nvfp4,ok
pool_en,T8,user_dbbf562e,user_4a57e449,14,False,False,qwen3.6-35b-a3b-nvfp4,ok
pool_en,T8,user_dc326993,user_dc326993,6,True,True,qwen3.6-35b-a3b-nvfp4,ok
pool_en,T8,user_dc32d458,user_636ad58f,9,False,False,qwen3.6-35b-a3b-nvfp4,ok
pool_en,T8,user_dca78fea,user_a993555f,4,False,False,qwen3.6-35b-a3b-nvfp4,ok
pool_en,T8,user_dd0bd02d,user_dd0bd02d,1,True,True,qwen3.6-35b-a3b-nvfp4,ok
pool_en,T8,user_df8dc9bb,user_df8dc9bb,4,True,True,qwen3.6-35b-a3b-nvfp4,ok
pool_en,T8,user_dffc0da5,user_f4f9490d,5,False,False,qwen3.6-35b-a3b-nvfp4,ok
pool_en,T8,user_e0c65725,user_434f3511,15,False,False,qwen3.6-35b-a3b-nvfp4,ok
pool_en,T8,user_e10c98bb,user_e10c98bb,1,True,True,qwen3.6-35b-a3b-nvfp4,ok
pool_en,T8,user_e14b88a8,user_e14b88a8,1,True,True,qwen3.6-35b-a3b-nvfp4,ok
pool_en,T8,user_e1730a9c,user_e1730a9c,1,True,True,qwen3.6-35b-a3b-nvfp4,ok
pool_en,T8,user_e409a56d,user_74cfb8ef,14,False,True,qwen3.6-35b-a3b-nvfp4,ok
pool_en,T8,user_e4ab67b6,user_e4ab67b6,1,True,True,qwen3.6-35b-a3b-nvfp4,ok
pool_en,T8,user_e4f8ab0c,user_fba6bcd4,4,False,False,qwen3.6-35b-a3b-nvfp4,ok
pool_en,T8,user_e51692a6,user_ee05ee55,2,False,True,qwen3.6-35b-a3b-nvfp4,ok
pool_en,T8,user_e59c000f,user_979ee068,2,False,False,qwen3.6-35b-a3b-nvfp4,ok
pool_en,T8,user_e5f67397,user_938164a5,1,False,False,qwen3.6-35b-a3b-nvfp4,ok
pool_en,T8,user_e64d80ba,user_e64d80ba,8,True,True,qwen3.6-35b-a3b-nvfp4,ok
pool_en,T8,user_e6dd44b0,user_e6dd44b0,2,True,True,qwen3.6-35b-a3b-nvfp4,ok
pool_en,T8,user_e7a55eac,user_e7a55eac,3,True,True,qwen3.6-35b-a3b-nvfp4,ok
pool_en,T8,user_e802076d,user_e802076d,1,True,True,qwen3.6-35b-a3b-nvfp4,ok
pool_en,T8,user_e838707b,user_e838707b,1,True,True,qwen3.6-35b-a3b-nvfp4,ok
pool_en,T8,user_e8613813,user_9a5457b0,13,False,False,qwen3.6-35b-a3b-nvfp4,ok
pool_en,T8,user_e88c308b,user_e88c308b,2,True,True,qwen3.6-35b-a3b-nvfp4,ok
pool_en,T8,user_e8a7be73,user_84c14a6f,4,False,False,qwen3.6-35b-a3b-nvfp4,ok
pool_en,T8,user_e8e9acac,user_e8e9acac,3,True,True,qwen3.6-35b-a3b-nvfp4,ok
pool_en,T8,user_e9d1886c,user_82c86537,9,False,False,qwen3.6-35b-a3b-nvfp4,ok
pool_en,T8,user_ea67f9c6,user_543e79f5,2,False,False,qwen3.6-35b-a3b-nvfp4,ok
pool_en,T8,user_ebe17c78,user_c06d9b71,7,False,False,qwen3.6-35b-a3b-nvfp4,ok
pool_en,T8,user_ec574395,user_ec574395,4,True,True,qwen3.6-35b-a3b-nvfp4,ok
pool_en,T8,user_ecba8131,user_a01f16ac,1,False,False,qwen3.6-35b-a3b-nvfp4,ok
pool_en,T8,user_ecc1ca0a,user_ecc1ca0a,1,True,True,qwen3.6-35b-a3b-nvfp4,ok
pool_en,T8,user_ed1aaed8,user_b6350ec1,2,False,False,qwen3.6-35b-a3b-nvfp4,ok
pool_en,T8,user_ee05ee55,user_ee05ee55,2,True,True,qwen3.6-35b-a3b-nvfp4,ok
pool_en,T8,user_ee14f818,user_75bc9924,4,False,False,qwen3.6-35b-a3b-nvfp4,ok
pool_en,T8,user_ee8d5ec5,user_b7f60e64,12,False,False,qwen3.6-35b-a3b-nvfp4,ok
pool_en,T8,user_ef954c6e,user_872311db,12,False,False,qwen3.6-35b-a3b-nvfp4,ok
pool_en,T8,user_efcacf59,user_886f7373,1,False,False,qwen3.6-35b-a3b-nvfp4,ok
pool_en,T8,user_f030b951,user_f030b951,2,True,True,qwen3.6-35b-a3b-nvfp4,ok
pool_en,T8,user_f070eee7,user_f070eee7,3,True,True,qwen3.6-35b-a3b-nvfp4,ok
pool_en,T8,user_f0b144fc,user_f0b144fc,2,True,True,qwen3.6-35b-a3b-nvfp4,ok
pool_en,T8,user_f0cf195f,user_f0cf195f,4,True,True,qwen3.6-35b-a3b-nvfp4,ok
pool_en,T8,user_f107081e,user_f107081e,1,True,True,qwen3.6-35b-a3b-nvfp4,ok
pool_en,T8,user_f27da10a,user_4607d25d,9,False,True,qwen3.6-35b-a3b-nvfp4,ok
pool_en,T8,user_f3377028,user_f3377028,7,True,True,qwen3.6-35b-a3b-nvfp4,ok
pool_en,T8,user_f368b9da,user_f368b9da,15,True,True,qwen3.6-35b-a3b-nvfp4,ok
pool_en,T8,user_f43d6008,user_f43d6008,1,True,True,qwen3.6-35b-a3b-nvfp4,ok
pool_en,T8,user_f4f9490d,user_a7f8db34,6,False,False,qwen3.6-35b-a3b-nvfp4,ok
pool_en,T8,user_f5138e15,user_f5138e15,1,True,True,qwen3.6-35b-a3b-nvfp4,ok
pool_en,T8,user_f52ced02,user_f52ced02,1,True,True,qwen3.6-35b-a3b-nvfp4,ok
pool_en,T8,user_f54058d0,user_f54058d0,1,True,True,qwen3.6-35b-a3b-nvfp4,ok
pool_en,T8,user_f5e2976e,user_68349053,3,False,False,qwen3.6-35b-a3b-nvfp4,ok
pool_en,T8,user_f5fea76f,user_9fc3c829,9,False,True,qwen3.6-35b-a3b-nvfp4,ok
pool_en,T8,user_f60a09b3,user_f827c7dd,9,False,False,qwen3.6-35b-a3b-nvfp4,ok
pool_en,T8,user_f7538815,user_f7538815,2,True,True,qwen3.6-35b-a3b-nvfp4,ok
pool_en,T8,user_f75c71f0,user_433bdef0,7,False,False,qwen3.6-35b-a3b-nvfp4,ok
pool_en,T8,user_f7bb8af1,user_18c333c6,12,False,False,qwen3.6-35b-a3b-nvfp4,ok
pool_en,T8,user_f7fd2885,user_1a4bec69,7,False,False,qwen3.6-35b-a3b-nvfp4,ok
pool_en,T8,user_f827c7dd,user_5c5a0b40,2,False,False,qwen3.6-35b-a3b-nvfp4,ok
pool_en,T8,user_f8e2246f,user_2cb4b018,12,False,True,qwen3.6-35b-a3b-nvfp4,ok
pool_en,T8,user_f930e37f,user_57c1d6c0,1,False,False,qwen3.6-35b-a3b-nvfp4,ok
pool_en,T8,user_f959eee4,user_f959eee4,1,True,True,qwen3.6-35b-a3b-nvfp4,ok
pool_en,T8,user_fa60616d,user_fa60616d,2,True,True,qwen3.6-35b-a3b-nvfp4,ok
pool_en,T8,user_fa69a385,user_a4893af1,9,False,False,qwen3.6-35b-a3b-nvfp4,ok
pool_en,T8,user_fb427339,user_58bfeaad,7,False,True,qwen3.6-35b-a3b-nvfp4,ok
pool_en,T8,user_fb64cb55,user_c2f18cf7,10,False,False,qwen3.6-35b-a3b-nvfp4,ok
pool_en,T8,user_fb8f46c8,user_1fb646f2,1,False,True,qwen3.6-35b-a3b-nvfp4,ok
pool_en,T8,user_fbed237d,user_fbed237d,8,True,True,qwen3.6-35b-a3b-nvfp4,ok
pool_en,T8,user_fc1cfe0b,user_fc1cfe0b,1,True,True,qwen3.6-35b-a3b-nvfp4,ok
pool_en,T8,user_fca58a87,user_fca58a87,3,True,True,qwen3.6-35b-a3b-nvfp4,ok
pool_en,T8,user_fcf93ee8,user_9818dcae,2,False,False,qwen3.6-35b-a3b-nvfp4,ok
pool_en,T8,user_fdc08e26,user_4f3b6241,5,False,False,qwen3.6-35b-a3b-nvfp4,ok
pool_en,T8,user_fdcaaf41,user_91db6e48,7,False,False,qwen3.6-35b-a3b-nvfp4,ok
pool_en,T8,user_fde2d265,user_fde2d265,2,True,True,qwen3.6-35b-a3b-nvfp4,ok
pool_en,T8,user_fe922ad0,user_fb8f46c8,8,False,False,qwen3.6-35b-a3b-nvfp4,ok
pool_en,T8,user_ff39b6cf,user_ff39b6cf,5,True,True,qwen3.6-35b-a3b-nvfp4,ok
pool_en,T8,user_ff591131,user_ff591131,1,True,True,qwen3.6-35b-a3b-nvfp4,ok
