row_id,user_id,T_level,summary_path
0,user_0168255c,T5,/Users/reflowgang/Downloads/deanonymization_project/data/esrc/pool_en/summaries/T5/user_0168255c.txt
1,user_02016939,T5,/Users/reflowgang/Downloads/deanonymization_project/data/esrc/pool_en/summaries/T5/user_02016939.txt
2,user_0285dee3,T5,/Users/reflowgang/Downloads/deanonymization_project/data/esrc/pool_en/summaries/T5/user_0285dee3.txt
3,user_02d03e8a,T5,/Users/reflowgang/Downloads/deanonymization_project/data/esrc/pool_en/summaries/T5/user_02d03e8a.txt
4,user_02d8a1f8,T5,/Users/reflowgang/Downloads/deanonymization_project/data/esrc/pool_en/summaries/T5/user_02d8a1f8.txt
5,user_02fecea2,T5,/Users/reflowgang/Downloads/deanonymization_project/data/esrc/pool_en/summaries/T5/user_02fecea2.txt
6,user_03410579,T5,/Users/reflowgang/Downloads/deanonymization_project/data/esrc/pool_en/summaries/T5/user_03410579.txt
7,user_043ea160,T5,/Users/reflowgang/Downloads/deanonymization_project/data/esrc/pool_en/summaries/T5/user_043ea160.txt
8,user_04d29f9c,T5,/Users/reflowgang/Downloads/deanonymization_project/data/esrc/pool_en/summaries/T5/user_04d29f9c.txt
9,user_04d8419e,T5,/Users/reflowgang/Downloads/deanonymization_project/data/esrc/pool_en/summaries/T5/user_04d8419e.txt
10,user_0521a7ac,T5,/Users/reflowgang/Downloads/deanonymization_project/data/esrc/pool_en/summaries/T5/user_0521a7ac.txt
11,user_058c1800,T5,/Users/reflowgang/Downloads/deanonymization_project/data/esrc/pool_en/summaries/T5/user_058c1800.txt
12,user_0697c470,T5,/Users/reflowgang/Downloads/deanonymization_project/data/esrc/pool_en/summaries/T5/user_0697c470.txt
13,user_07cb458d,T5,/Users/reflowgang/Downloads/deanonymization_project/data/esrc/pool_en/summaries/T5/user_07cb458d.txt
14,user_07db2c6a,T5,/Users/reflowgang/Downloads/deanonymization_project/data/esrc/pool_en/summaries/T5/user_07db2c6a.txt
15,user_07faa0fc,T5,/Users/reflowgang/Downloads/deanonymization_project/data/esrc/pool_en/summaries/T5/user_07faa0fc.txt
16,user_08aa624b,T5,/Users/reflowgang/Downloads/deanonymization_project/data/esrc/pool_en/summaries/T5/user_08aa624b.txt
17,user_08c32973,T5,/Users/reflowgang/Downloads/deanonymization_project/data/esrc/pool_en/summaries/T5/user_08c32973.txt
18,user_08e9ce6e,T5,/Users/reflowgang/Downloads/deanonymization_project/data/esrc/pool_en/summaries/T5/user_08e9ce6e.txt
19,user_092e219d,T5,/Users/reflowgang/Downloads/deanonymization_project/data/esrc/pool_en/summaries/T5/user_092e219d.txt
20,user_0a0bcaa6,T5,/Users/reflowgang/Downloads/deanonymization_project/data/esrc/pool_en/summaries/T5/user_0a0bcaa6.txt
21,user_0a245f61,T5,/Users/reflowgang/Downloads/deanonymization_project/data/esrc/pool_en/summaries/T5/user_0a245f61.txt
22,user_0b5c256a,T5,/Users/reflowgang/Downloads/deanonymization_project/data/esrc/pool_en/summaries/T5/user_0b5c256a.txt
23,user_0b64b183,T5,/Users/reflowgang/Downloads/deanonymization_project/data/esrc/pool_en/summaries/T5/user_0b64b183.txt
24,user_0c578ab5,T5,/Users/reflowgang/Downloads/deanonymization_project/data/esrc/pool_en/summaries/T5/user_0c578ab5.txt
25,user_0c8c48ac,T5,/Users/reflowgang/Downloads/deanonymization_project/data/esrc/pool_en/summaries/T5/user_0c8c48ac.txt
26,user_0cc626ee,T5,/Users/reflowgang/Downloads/deanonymization_project/data/esrc/pool_en/summaries/T5/user_0cc626ee.txt
27,user_0cd29f02,T5,/Users/reflowgang/Downloads/deanonymization_project/data/esrc/pool_en/summaries/T5/user_0cd29f02.txt
28,user_0f0ad720,T5,/Users/reflowgang/Downloads/deanonymization_project/data/esrc/pool_en/summaries/T5/user_0f0ad720.txt
29,user_107259c3,T5,/Users/reflowgang/Downloads/deanonymization_project/data/esrc/pool_en/summaries/T5/user_107259c3.txt
30,user_10e64e28,T5,/Users/reflowgang/Downloads/deanonymization_project/data/esrc/pool_en/summaries/T5/user_10e64e28.txt
31,user_111cfe7d,T5,/Users/reflowgang/Downloads/deanonymization_project/data/esrc/pool_en/summaries/T5/user_111cfe7d.txt
32,user_11e8421f,T5,/Users/reflowgang/Downloads/deanonymization_project/data/esrc/pool_en/summaries/T5/user_11e8421f.txt
33,user_1230e05a,T5,/Users/reflowgang/Downloads/deanonymization_project/data/esrc/pool_en/summaries/T5/user_1230e05a.txt
34,user_126670d7,T5,/Users/reflowgang/Downloads/deanonymization_project/data/esrc/pool_en/summaries/T5/user_126670d7.txt
35,user_1302cb61,T5,/Users/reflowgang/Downloads/deanonymization_project/data/esrc/pool_en/summaries/T5/user_1302cb61.txt
36,user_13f8ee07,T5,/Users/reflowgang/Downloads/deanonymization_project/data/esrc/pool_en/summaries/T5/user_13f8ee07.txt
37,user_13fb2e34,T5,/Users/reflowgang/Downloads/deanonymization_project/data/esrc/pool_en/summaries/T5/user_13fb2e34.txt
38,user_147d1bbb,T5,/Users/reflowgang/Downloads/deanonymization_project/data/esrc/pool_en/summaries/T5/user_147d1bbb.txt
39,user_14a2d3c6,T5,/Users/reflowgang/Downloads/deanonymization_project/data/esrc/pool_en/summaries/T5/user_14a2d3c6.txt
40,user_159646d5,T5,/Users/reflowgang/Downloads/deanonymization_project/data/esrc/pool_en/summaries/T5/user_159646d5.txt
41,user_164057cc,T5,/Users/reflowgang/Downloads/deanonymization_project/data/esrc/pool_en/summaries/T5/user_164057cc.txt
42,user_164fe4b8,T5,/Users/reflowgang/Downloads/deanonymization_project/data/esrc/pool_en/summaries/T5/user_164fe4b8.txt
43,user_165a2706,T5,/Users/reflowgang/Downloads/deanonymization_project/data/esrc/pool_en/summaries/T5/user_165a2706.txt
44,user_16b87e34,T5,/Users/reflowgang/Downloads/deanonymization_project/data/esrc/pool_en/summaries/T5/user_16b87e34.txt
45,user_17355c30,T5,/Users/reflowgang/Downloads/deanonymization_project/data/esrc/pool_en/summaries/T5/user_17355c30.txt
46,user_17607ebc,T5,/Users/reflowgang/Downloads/deanonymization_project/data/esrc/pool_en/summaries/T5/user_17607ebc.txt
47,user_183b3783,T5,/Users/reflowgang/Downloads/deanonymization_project/data/esrc/pool_en/summaries/T5/user_183b3783.txt
48,user_18522854,T5,/Users/reflowgang/Downloads/deanonymization_project/data/esrc/pool_en/summaries/T5/user_18522854.txt
49,user_18892460,T5,/Users/reflowgang/Downloads/deanonymization_project/data/esrc/pool_en/summaries/T5/user_18892460.txt
50,user_18c333c6,T5,/Users/reflowgang/Downloads/deanonymization_project/data/esrc/pool_en/summaries/T5/user_18c333c6.txt
51,user_192a215d,T5,/Users/reflowgang/Downloads/deanonymization_project/data/esrc/pool_en/summaries/T5/user_192a215d.txt
52,user_194b92fc,T5,/Users/reflowgang/Downloads/deanonymization_project/data/esrc/pool_en/summaries/T5/user_194b92fc.txt
53,user_19641691,T5,/Users/reflowgang/Downloads/deanonymization_project/data/esrc/pool_en/summaries/T5/user_19641691.txt
54,user_19952166,T5,/Users/reflowgang/Downloads/deanonymization_project/data/esrc/pool_en/summaries/T5/user_19952166.txt
55,user_1a2755b3,T5,/Users/reflowgang/Downloads/deanonymization_project/data/esrc/pool_en/summaries/T5/user_1a2755b3.txt
56,user_1a4bec69,T5,/Users/reflowgang/Downloads/deanonymization_project/data/esrc/pool_en/summaries/T5/user_1a4bec69.txt
57,user_1a7d6cd5,T5,/Users/reflowgang/Downloads/deanonymization_project/data/esrc/pool_en/summaries/T5/user_1a7d6cd5.txt
58,user_1b2d69c1,T5,/Users/reflowgang/Downloads/deanonymization_project/data/esrc/pool_en/summaries/T5/user_1b2d69c1.txt
59,user_1b7f8c56,T5,/Users/reflowgang/Downloads/deanonymization_project/data/esrc/pool_en/summaries/T5/user_1b7f8c56.txt
60,user_1b89f77a,T5,/Users/reflowgang/Downloads/deanonymization_project/data/esrc/pool_en/summaries/T5/user_1b89f77a.txt
61,user_1d775dd8,T5,/Users/reflowgang/Downloads/deanonymization_project/data/esrc/pool_en/summaries/T5/user_1d775dd8.txt
62,user_1dc24686,T5,/Users/reflowgang/Downloads/deanonymization_project/data/esrc/pool_en/summaries/T5/user_1dc24686.txt
63,user_1df51301,T5,/Users/reflowgang/Downloads/deanonymization_project/data/esrc/pool_en/summaries/T5/user_1df51301.txt
64,user_1e302679,T5,/Users/reflowgang/Downloads/deanonymization_project/data/esrc/pool_en/summaries/T5/user_1e302679.txt
65,user_1f1dc5e0,T5,/Users/reflowgang/Downloads/deanonymization_project/data/esrc/pool_en/summaries/T5/user_1f1dc5e0.txt
66,user_1f636ddc,T5,/Users/reflowgang/Downloads/deanonymization_project/data/esrc/pool_en/summaries/T5/user_1f636ddc.txt
67,user_205d25f3,T5,/Users/reflowgang/Downloads/deanonymization_project/data/esrc/pool_en/summaries/T5/user_205d25f3.txt
68,user_20e741d0,T5,/Users/reflowgang/Downloads/deanonymization_project/data/esrc/pool_en/summaries/T5/user_20e741d0.txt
69,user_2142b6e1,T5,/Users/reflowgang/Downloads/deanonymization_project/data/esrc/pool_en/summaries/T5/user_2142b6e1.txt
70,user_21b4fa31,T5,/Users/reflowgang/Downloads/deanonymization_project/data/esrc/pool_en/summaries/T5/user_21b4fa31.txt
71,user_226be32f,T5,/Users/reflowgang/Downloads/deanonymization_project/data/esrc/pool_en/summaries/T5/user_226be32f.txt
72,user_2373103d,T5,/Users/reflowgang/Downloads/deanonymization_project/data/esrc/pool_en/summaries/T5/user_2373103d.txt
73,user_23e46560,T5,/Users/reflowgang/Downloads/deanonymization_project/data/esrc/pool_en/summaries/T5/user_23e46560.txt
74,user_245fd42f,T5,/Users/reflowgang/Downloads/deanonymization_project/data/esrc/pool_en/summaries/T5/user_245fd42f.txt
75,user_25652863,T5,/Users/reflowgang/Downloads/deanonymization_project/data/esrc/pool_en/summaries/T5/user_25652863.txt
76,user_25798310,T5,/Users/reflowgang/Downloads/deanonymization_project/data/esrc/pool_en/summaries/T5/user_25798310.txt
77,user_25b48a9a,T5,/Users/reflowgang/Downloads/deanonymization_project/data/esrc/pool_en/summaries/T5/user_25b48a9a.txt
78,user_26565155,T5,/Users/reflowgang/Downloads/deanonymization_project/data/esrc/pool_en/summaries/T5/user_26565155.txt
79,user_26fa9d90,T5,/Users/reflowgang/Downloads/deanonymization_project/data/esrc/pool_en/summaries/T5/user_26fa9d90.txt
80,user_27a3fa64,T5,/Users/reflowgang/Downloads/deanonymization_project/data/esrc/pool_en/summaries/T5/user_27a3fa64.txt
81,user_2920b35e,T5,/Users/reflowgang/Downloads/deanonymization_project/data/esrc/pool_en/summaries/T5/user_2920b35e.txt
82,user_29cd4556,T5,/Users/reflowgang/Downloads/deanonymization_project/data/esrc/pool_en/summaries/T5/user_29cd4556.txt
83,user_2a704b9c,T5,/Users/reflowgang/Downloads/deanonymization_project/data/esrc/pool_en/summaries/T5/user_2a704b9c.txt
84,user_2a94c885,T5,/Users/reflowgang/Downloads/deanonymization_project/data/esrc/pool_en/summaries/T5/user_2a94c885.txt
85,user_2b271761,T5,/Users/reflowgang/Downloads/deanonymization_project/data/esrc/pool_en/summaries/T5/user_2b271761.txt
86,user_2b750e1c,T5,/Users/reflowgang/Downloads/deanonymization_project/data/esrc/pool_en/summaries/T5/user_2b750e1c.txt
87,user_2b79ef0b,T5,/Users/reflowgang/Downloads/deanonymization_project/data/esrc/pool_en/summaries/T5/user_2b79ef0b.txt
88,user_2c3eb234,T5,/Users/reflowgang/Downloads/deanonymization_project/data/esrc/pool_en/summaries/T5/user_2c3eb234.txt
89,user_2c69b83e,T5,/Users/reflowgang/Downloads/deanonymization_project/data/esrc/pool_en/summaries/T5/user_2c69b83e.txt
90,user_2c940ff8,T5,/Users/reflowgang/Downloads/deanonymization_project/data/esrc/pool_en/summaries/T5/user_2c940ff8.txt
91,user_2d74cd4c,T5,/Users/reflowgang/Downloads/deanonymization_project/data/esrc/pool_en/summaries/T5/user_2d74cd4c.txt
92,user_2dc10d2d,T5,/Users/reflowgang/Downloads/deanonymization_project/data/esrc/pool_en/summaries/T5/user_2dc10d2d.txt
93,user_2dd189e3,T5,/Users/reflowgang/Downloads/deanonymization_project/data/esrc/pool_en/summaries/T5/user_2dd189e3.txt
94,user_2eaaa117,T5,/Users/reflowgang/Downloads/deanonymization_project/data/esrc/pool_en/summaries/T5/user_2eaaa117.txt
95,user_2eb5d860,T5,/Users/reflowgang/Downloads/deanonymization_project/data/esrc/pool_en/summaries/T5/user_2eb5d860.txt
96,user_2efde048,T5,/Users/reflowgang/Downloads/deanonymization_project/data/esrc/pool_en/summaries/T5/user_2efde048.txt
97,user_2f1085dd,T5,/Users/reflowgang/Downloads/deanonymization_project/data/esrc/pool_en/summaries/T5/user_2f1085dd.txt
98,user_2f766c23,T5,/Users/reflowgang/Downloads/deanonymization_project/data/esrc/pool_en/summaries/T5/user_2f766c23.txt
99,user_3049510b,T5,/Users/reflowgang/Downloads/deanonymization_project/data/esrc/pool_en/summaries/T5/user_3049510b.txt
100,user_30802254,T5,/Users/reflowgang/Downloads/deanonymization_project/data/esrc/pool_en/summaries/T5/user_30802254.txt
101,user_3121653d,T5,/Users/reflowgang/Downloads/deanonymization_project/data/esrc/pool_en/summaries/T5/user_3121653d.txt
102,user_32934d38,T5,/Users/reflowgang/Downloads/deanonymization_project/data/esrc/pool_en/summaries/T5/user_32934d38.txt
103,user_32ae32f9,T5,/Users/reflowgang/Downloads/deanonymization_project/data/esrc/pool_en/summaries/T5/user_32ae32f9.txt
104,user_32f31383,T5,/Users/reflowgang/Downloads/deanonymization_project/data/esrc/pool_en/summaries/T5/user_32f31383.txt
105,user_3353b96b,T5,/Users/reflowgang/Downloads/deanonymization_project/data/esrc/pool_en/summaries/T5/user_3353b96b.txt
106,user_338e1332,T5,/Users/reflowgang/Downloads/deanonymization_project/data/esrc/pool_en/summaries/T5/user_338e1332.txt
107,user_34b1fb84,T5,/Users/reflowgang/Downloads/deanonymization_project/data/esrc/pool_en/summaries/T5/user_34b1fb84.txt
108,user_364bb955,T5,/Users/reflowgang/Downloads/deanonymization_project/data/esrc/pool_en/summaries/T5/user_364bb955.txt
109,user_36dd1253,T5,/Users/reflowgang/Downloads/deanonymization_project/data/esrc/pool_en/summaries/T5/user_36dd1253.txt
110,user_372c2b3e,T5,/Users/reflowgang/Downloads/deanonymization_project/data/esrc/pool_en/summaries/T5/user_372c2b3e.txt
111,user_378003e3,T5,/Users/reflowgang/Downloads/deanonymization_project/data/esrc/pool_en/summaries/T5/user_378003e3.txt
112,user_37be663c,T5,/Users/reflowgang/Downloads/deanonymization_project/data/esrc/pool_en/summaries/T5/user_37be663c.txt
113,user_38390331,T5,/Users/reflowgang/Downloads/deanonymization_project/data/esrc/pool_en/summaries/T5/user_38390331.txt
114,user_3850eb9e,T5,/Users/reflowgang/Downloads/deanonymization_project/data/esrc/pool_en/summaries/T5/user_3850eb9e.txt
115,user_38ab51d4,T5,/Users/reflowgang/Downloads/deanonymization_project/data/esrc/pool_en/summaries/T5/user_38ab51d4.txt
116,user_3971c3e6,T5,/Users/reflowgang/Downloads/deanonymization_project/data/esrc/pool_en/summaries/T5/user_3971c3e6.txt
117,user_39939c54,T5,/Users/reflowgang/Downloads/deanonymization_project/data/esrc/pool_en/summaries/T5/user_39939c54.txt
118,user_39aad1a2,T5,/Users/reflowgang/Downloads/deanonymization_project/data/esrc/pool_en/summaries/T5/user_39aad1a2.txt
119,user_39f8897b,T5,/Users/reflowgang/Downloads/deanonymization_project/data/esrc/pool_en/summaries/T5/user_39f8897b.txt
120,user_3a55606c,T5,/Users/reflowgang/Downloads/deanonymization_project/data/esrc/pool_en/summaries/T5/user_3a55606c.txt
121,user_3b1da5d9,T5,/Users/reflowgang/Downloads/deanonymization_project/data/esrc/pool_en/summaries/T5/user_3b1da5d9.txt
122,user_3b90fb53,T5,/Users/reflowgang/Downloads/deanonymization_project/data/esrc/pool_en/summaries/T5/user_3b90fb53.txt
123,user_3bb7992e,T5,/Users/reflowgang/Downloads/deanonymization_project/data/esrc/pool_en/summaries/T5/user_3bb7992e.txt
124,user_3ce4c1f8,T5,/Users/reflowgang/Downloads/deanonymization_project/data/esrc/pool_en/summaries/T5/user_3ce4c1f8.txt
125,user_3e284ba5,T5,/Users/reflowgang/Downloads/deanonymization_project/data/esrc/pool_en/summaries/T5/user_3e284ba5.txt
126,user_3eb49f37,T5,/Users/reflowgang/Downloads/deanonymization_project/data/esrc/pool_en/summaries/T5/user_3eb49f37.txt
127,user_3f1d04a6,T5,/Users/reflowgang/Downloads/deanonymization_project/data/esrc/pool_en/summaries/T5/user_3f1d04a6.txt
128,user_3f2894b5,T5,/Users/reflowgang/Downloads/deanonymization_project/data/esrc/pool_en/summaries/T5/user_3f2894b5.txt
129,user_3f798a8b,T5,/Users/reflowgang/Downloads/deanonymization_project/data/esrc/pool_en/summaries/T5/user_3f798a8b.txt
130,user_3ff3188b,T5,/Users/reflowgang/Downloads/deanonymization_project/data/esrc/pool_en/summaries/T5/user_3ff3188b.txt
131,user_3ff88cf0,T5,/Users/reflowgang/Downloads/deanonymization_project/data/esrc/pool_en/summaries/T5/user_3ff88cf0.txt
132,user_40a0bad3,T5,/Users/reflowgang/Downloads/deanonymization_project/data/esrc/pool_en/summaries/T5/user_40a0bad3.txt
133,user_40efa894,T5,/Users/reflowgang/Downloads/deanonymization_project/data/esrc/pool_en/summaries/T5/user_40efa894.txt
134,user_41b20ee4,T5,/Users/reflowgang/Downloads/deanonymization_project/data/esrc/pool_en/summaries/T5/user_41b20ee4.txt
135,user_433bdef0,T5,/Users/reflowgang/Downloads/deanonymization_project/data/esrc/pool_en/summaries/T5/user_433bdef0.txt
136,user_434f3511,T5,/Users/reflowgang/Downloads/deanonymization_project/data/esrc/pool_en/summaries/T5/user_434f3511.txt
137,user_44567221,T5,/Users/reflowgang/Downloads/deanonymization_project/data/esrc/pool_en/summaries/T5/user_44567221.txt
138,user_454733da,T5,/Users/reflowgang/Downloads/deanonymization_project/data/esrc/pool_en/summaries/T5/user_454733da.txt
139,user_45926b89,T5,/Users/reflowgang/Downloads/deanonymization_project/data/esrc/pool_en/summaries/T5/user_45926b89.txt
140,user_45d008d3,T5,/Users/reflowgang/Downloads/deanonymization_project/data/esrc/pool_en/summaries/T5/user_45d008d3.txt
141,user_4607d25d,T5,/Users/reflowgang/Downloads/deanonymization_project/data/esrc/pool_en/summaries/T5/user_4607d25d.txt
142,user_46e2e7ec,T5,/Users/reflowgang/Downloads/deanonymization_project/data/esrc/pool_en/summaries/T5/user_46e2e7ec.txt
143,user_476670f9,T5,/Users/reflowgang/Downloads/deanonymization_project/data/esrc/pool_en/summaries/T5/user_476670f9.txt
144,user_4aaa8404,T5,/Users/reflowgang/Downloads/deanonymization_project/data/esrc/pool_en/summaries/T5/user_4aaa8404.txt
145,user_4ab9d510,T5,/Users/reflowgang/Downloads/deanonymization_project/data/esrc/pool_en/summaries/T5/user_4ab9d510.txt
146,user_4b139395,T5,/Users/reflowgang/Downloads/deanonymization_project/data/esrc/pool_en/summaries/T5/user_4b139395.txt
147,user_4b8335bd,T5,/Users/reflowgang/Downloads/deanonymization_project/data/esrc/pool_en/summaries/T5/user_4b8335bd.txt
148,user_4bd9303b,T5,/Users/reflowgang/Downloads/deanonymization_project/data/esrc/pool_en/summaries/T5/user_4bd9303b.txt
149,user_4cad4295,T5,/Users/reflowgang/Downloads/deanonymization_project/data/esrc/pool_en/summaries/T5/user_4cad4295.txt
150,user_4d4f73a6,T5,/Users/reflowgang/Downloads/deanonymization_project/data/esrc/pool_en/summaries/T5/user_4d4f73a6.txt
151,user_4e42bf97,T5,/Users/reflowgang/Downloads/deanonymization_project/data/esrc/pool_en/summaries/T5/user_4e42bf97.txt
152,user_4e54f3d7,T5,/Users/reflowgang/Downloads/deanonymization_project/data/esrc/pool_en/summaries/T5/user_4e54f3d7.txt
153,user_4f3b6241,T5,/Users/reflowgang/Downloads/deanonymization_project/data/esrc/pool_en/summaries/T5/user_4f3b6241.txt
154,user_4f8b6987,T5,/Users/reflowgang/Downloads/deanonymization_project/data/esrc/pool_en/summaries/T5/user_4f8b6987.txt
155,user_500badda,T5,/Users/reflowgang/Downloads/deanonymization_project/data/esrc/pool_en/summaries/T5/user_500badda.txt
156,user_5062c872,T5,/Users/reflowgang/Downloads/deanonymization_project/data/esrc/pool_en/summaries/T5/user_5062c872.txt
157,user_515ae840,T5,/Users/reflowgang/Downloads/deanonymization_project/data/esrc/pool_en/summaries/T5/user_515ae840.txt
158,user_524450e9,T5,/Users/reflowgang/Downloads/deanonymization_project/data/esrc/pool_en/summaries/T5/user_524450e9.txt
159,user_529e3009,T5,/Users/reflowgang/Downloads/deanonymization_project/data/esrc/pool_en/summaries/T5/user_529e3009.txt
160,user_52d3881c,T5,/Users/reflowgang/Downloads/deanonymization_project/data/esrc/pool_en/summaries/T5/user_52d3881c.txt
161,user_53325367,T5,/Users/reflowgang/Downloads/deanonymization_project/data/esrc/pool_en/summaries/T5/user_53325367.txt
162,user_54c1ebee,T5,/Users/reflowgang/Downloads/deanonymization_project/data/esrc/pool_en/summaries/T5/user_54c1ebee.txt
163,user_56909460,T5,/Users/reflowgang/Downloads/deanonymization_project/data/esrc/pool_en/summaries/T5/user_56909460.txt
164,user_56980aa9,T5,/Users/reflowgang/Downloads/deanonymization_project/data/esrc/pool_en/summaries/T5/user_56980aa9.txt
165,user_5738db35,T5,/Users/reflowgang/Downloads/deanonymization_project/data/esrc/pool_en/summaries/T5/user_5738db35.txt
166,user_582ff5b2,T5,/Users/reflowgang/Downloads/deanonymization_project/data/esrc/pool_en/summaries/T5/user_582ff5b2.txt
167,user_586752e4,T5,/Users/reflowgang/Downloads/deanonymization_project/data/esrc/pool_en/summaries/T5/user_586752e4.txt
168,user_58892c7c,T5,/Users/reflowgang/Downloads/deanonymization_project/data/esrc/pool_en/summaries/T5/user_58892c7c.txt
169,user_58bfeaad,T5,/Users/reflowgang/Downloads/deanonymization_project/data/esrc/pool_en/summaries/T5/user_58bfeaad.txt
170,user_59d9db83,T5,/Users/reflowgang/Downloads/deanonymization_project/data/esrc/pool_en/summaries/T5/user_59d9db83.txt
171,user_5a5bee64,T5,/Users/reflowgang/Downloads/deanonymization_project/data/esrc/pool_en/summaries/T5/user_5a5bee64.txt
172,user_5a6c91dd,T5,/Users/reflowgang/Downloads/deanonymization_project/data/esrc/pool_en/summaries/T5/user_5a6c91dd.txt
173,user_5a6f92a6,T5,/Users/reflowgang/Downloads/deanonymization_project/data/esrc/pool_en/summaries/T5/user_5a6f92a6.txt
174,user_5ac1a174,T5,/Users/reflowgang/Downloads/deanonymization_project/data/esrc/pool_en/summaries/T5/user_5ac1a174.txt
175,user_5c09bb3d,T5,/Users/reflowgang/Downloads/deanonymization_project/data/esrc/pool_en/summaries/T5/user_5c09bb3d.txt
176,user_5c5a0b40,T5,/Users/reflowgang/Downloads/deanonymization_project/data/esrc/pool_en/summaries/T5/user_5c5a0b40.txt
177,user_5c82df31,T5,/Users/reflowgang/Downloads/deanonymization_project/data/esrc/pool_en/summaries/T5/user_5c82df31.txt
178,user_5d1b0daf,T5,/Users/reflowgang/Downloads/deanonymization_project/data/esrc/pool_en/summaries/T5/user_5d1b0daf.txt
179,user_5f4ee256,T5,/Users/reflowgang/Downloads/deanonymization_project/data/esrc/pool_en/summaries/T5/user_5f4ee256.txt
180,user_6169d3b8,T5,/Users/reflowgang/Downloads/deanonymization_project/data/esrc/pool_en/summaries/T5/user_6169d3b8.txt
181,user_61f90240,T5,/Users/reflowgang/Downloads/deanonymization_project/data/esrc/pool_en/summaries/T5/user_61f90240.txt
182,user_63110023,T5,/Users/reflowgang/Downloads/deanonymization_project/data/esrc/pool_en/summaries/T5/user_63110023.txt
183,user_636d1da4,T5,/Users/reflowgang/Downloads/deanonymization_project/data/esrc/pool_en/summaries/T5/user_636d1da4.txt
184,user_6427334a,T5,/Users/reflowgang/Downloads/deanonymization_project/data/esrc/pool_en/summaries/T5/user_6427334a.txt
185,user_6476648d,T5,/Users/reflowgang/Downloads/deanonymization_project/data/esrc/pool_en/summaries/T5/user_6476648d.txt
186,user_649f4327,T5,/Users/reflowgang/Downloads/deanonymization_project/data/esrc/pool_en/summaries/T5/user_649f4327.txt
187,user_657c72ca,T5,/Users/reflowgang/Downloads/deanonymization_project/data/esrc/pool_en/summaries/T5/user_657c72ca.txt
188,user_6592f2e4,T5,/Users/reflowgang/Downloads/deanonymization_project/data/esrc/pool_en/summaries/T5/user_6592f2e4.txt
189,user_65d73ac1,T5,/Users/reflowgang/Downloads/deanonymization_project/data/esrc/pool_en/summaries/T5/user_65d73ac1.txt
190,user_68349053,T5,/Users/reflowgang/Downloads/deanonymization_project/data/esrc/pool_en/summaries/T5/user_68349053.txt
191,user_68d19df8,T5,/Users/reflowgang/Downloads/deanonymization_project/data/esrc/pool_en/summaries/T5/user_68d19df8.txt
192,user_69193575,T5,/Users/reflowgang/Downloads/deanonymization_project/data/esrc/pool_en/summaries/T5/user_69193575.txt
193,user_69a4dd06,T5,/Users/reflowgang/Downloads/deanonymization_project/data/esrc/pool_en/summaries/T5/user_69a4dd06.txt
194,user_69df6330,T5,/Users/reflowgang/Downloads/deanonymization_project/data/esrc/pool_en/summaries/T5/user_69df6330.txt
195,user_6ab1739a,T5,/Users/reflowgang/Downloads/deanonymization_project/data/esrc/pool_en/summaries/T5/user_6ab1739a.txt
196,user_6ab8f7d4,T5,/Users/reflowgang/Downloads/deanonymization_project/data/esrc/pool_en/summaries/T5/user_6ab8f7d4.txt
197,user_6d071251,T5,/Users/reflowgang/Downloads/deanonymization_project/data/esrc/pool_en/summaries/T5/user_6d071251.txt
198,user_6d2cb415,T5,/Users/reflowgang/Downloads/deanonymization_project/data/esrc/pool_en/summaries/T5/user_6d2cb415.txt
199,user_6d421600,T5,/Users/reflowgang/Downloads/deanonymization_project/data/esrc/pool_en/summaries/T5/user_6d421600.txt
200,user_6f1b0197,T5,/Users/reflowgang/Downloads/deanonymization_project/data/esrc/pool_en/summaries/T5/user_6f1b0197.txt
201,user_6fa47d61,T5,/Users/reflowgang/Downloads/deanonymization_project/data/esrc/pool_en/summaries/T5/user_6fa47d61.txt
202,user_6fc85c06,T5,/Users/reflowgang/Downloads/deanonymization_project/data/esrc/pool_en/summaries/T5/user_6fc85c06.txt
203,user_6fccf8b5,T5,/Users/reflowgang/Downloads/deanonymization_project/data/esrc/pool_en/summaries/T5/user_6fccf8b5.txt
204,user_723406a0,T5,/Users/reflowgang/Downloads/deanonymization_project/data/esrc/pool_en/summaries/T5/user_723406a0.txt
205,user_72bed676,T5,/Users/reflowgang/Downloads/deanonymization_project/data/esrc/pool_en/summaries/T5/user_72bed676.txt
206,user_7322f4ef,T5,/Users/reflowgang/Downloads/deanonymization_project/data/esrc/pool_en/summaries/T5/user_7322f4ef.txt
207,user_737d3148,T5,/Users/reflowgang/Downloads/deanonymization_project/data/esrc/pool_en/summaries/T5/user_737d3148.txt
208,user_73a4377d,T5,/Users/reflowgang/Downloads/deanonymization_project/data/esrc/pool_en/summaries/T5/user_73a4377d.txt
209,user_73f34c5d,T5,/Users/reflowgang/Downloads/deanonymization_project/data/esrc/pool_en/summaries/T5/user_73f34c5d.txt
210,user_74025dc0,T5,/Users/reflowgang/Downloads/deanonymization_project/data/esrc/pool_en/summaries/T5/user_74025dc0.txt
211,user_74cfb8ef,T5,/Users/reflowgang/Downloads/deanonymization_project/data/esrc/pool_en/summaries/T5/user_74cfb8ef.txt
212,user_74e32d78,T5,/Users/reflowgang/Downloads/deanonymization_project/data/esrc/pool_en/summaries/T5/user_74e32d78.txt
213,user_756e2f00,T5,/Users/reflowgang/Downloads/deanonymization_project/data/esrc/pool_en/summaries/T5/user_756e2f00.txt
214,user_75905116,T5,/Users/reflowgang/Downloads/deanonymization_project/data/esrc/pool_en/summaries/T5/user_75905116.txt
215,user_7709815a,T5,/Users/reflowgang/Downloads/deanonymization_project/data/esrc/pool_en/summaries/T5/user_7709815a.txt
216,user_78eff25f,T5,/Users/reflowgang/Downloads/deanonymization_project/data/esrc/pool_en/summaries/T5/user_78eff25f.txt
217,user_7924afc9,T5,/Users/reflowgang/Downloads/deanonymization_project/data/esrc/pool_en/summaries/T5/user_7924afc9.txt
218,user_795eb408,T5,/Users/reflowgang/Downloads/deanonymization_project/data/esrc/pool_en/summaries/T5/user_795eb408.txt
219,user_79f04645,T5,/Users/reflowgang/Downloads/deanonymization_project/data/esrc/pool_en/summaries/T5/user_79f04645.txt
220,user_7a8f7f3e,T5,/Users/reflowgang/Downloads/deanonymization_project/data/esrc/pool_en/summaries/T5/user_7a8f7f3e.txt
221,user_7b052f32,T5,/Users/reflowgang/Downloads/deanonymization_project/data/esrc/pool_en/summaries/T5/user_7b052f32.txt
222,user_7b2d0be1,T5,/Users/reflowgang/Downloads/deanonymization_project/data/esrc/pool_en/summaries/T5/user_7b2d0be1.txt
223,user_7b4c75ab,T5,/Users/reflowgang/Downloads/deanonymization_project/data/esrc/pool_en/summaries/T5/user_7b4c75ab.txt
224,user_7c45fa70,T5,/Users/reflowgang/Downloads/deanonymization_project/data/esrc/pool_en/summaries/T5/user_7c45fa70.txt
225,user_7c7220a4,T5,/Users/reflowgang/Downloads/deanonymization_project/data/esrc/pool_en/summaries/T5/user_7c7220a4.txt
226,user_7f623d19,T5,/Users/reflowgang/Downloads/deanonymization_project/data/esrc/pool_en/summaries/T5/user_7f623d19.txt
227,user_7fd91653,T5,/Users/reflowgang/Downloads/deanonymization_project/data/esrc/pool_en/summaries/T5/user_7fd91653.txt
228,user_7fef9da8,T5,/Users/reflowgang/Downloads/deanonymization_project/data/esrc/pool_en/summaries/T5/user_7fef9da8.txt
229,user_8006727d,T5,/Users/reflowgang/Downloads/deanonymization_project/data/esrc/pool_en/summaries/T5/user_8006727d.txt
230,user_80da26a6,T5,/Users/reflowgang/Downloads/deanonymization_project/data/esrc/pool_en/summaries/T5/user_80da26a6.txt
231,user_80dc757f,T5,/Users/reflowgang/Downloads/deanonymization_project/data/esrc/pool_en/summaries/T5/user_80dc757f.txt
232,user_81a80789,T5,/Users/reflowgang/Downloads/deanonymization_project/data/esrc/pool_en/summaries/T5/user_81a80789.txt
233,user_823846de,T5,/Users/reflowgang/Downloads/deanonymization_project/data/esrc/pool_en/summaries/T5/user_823846de.txt
234,user_8285a696,T5,/Users/reflowgang/Downloads/deanonymization_project/data/esrc/pool_en/summaries/T5/user_8285a696.txt
235,user_82879210,T5,/Users/reflowgang/Downloads/deanonymization_project/data/esrc/pool_en/summaries/T5/user_82879210.txt
236,user_829844fd,T5,/Users/reflowgang/Downloads/deanonymization_project/data/esrc/pool_en/summaries/T5/user_829844fd.txt
237,user_82d93459,T5,/Users/reflowgang/Downloads/deanonymization_project/data/esrc/pool_en/summaries/T5/user_82d93459.txt
238,user_83e45cc0,T5,/Users/reflowgang/Downloads/deanonymization_project/data/esrc/pool_en/summaries/T5/user_83e45cc0.txt
239,user_84703a6e,T5,/Users/reflowgang/Downloads/deanonymization_project/data/esrc/pool_en/summaries/T5/user_84703a6e.txt
240,user_84c14a6f,T5,/Users/reflowgang/Downloads/deanonymization_project/data/esrc/pool_en/summaries/T5/user_84c14a6f.txt
241,user_84fe1a7a,T5,/Users/reflowgang/Downloads/deanonymization_project/data/esrc/pool_en/summaries/T5/user_84fe1a7a.txt
242,user_85810097,T5,/Users/reflowgang/Downloads/deanonymization_project/data/esrc/pool_en/summaries/T5/user_85810097.txt
243,user_8663226a,T5,/Users/reflowgang/Downloads/deanonymization_project/data/esrc/pool_en/summaries/T5/user_8663226a.txt
244,user_86685a27,T5,/Users/reflowgang/Downloads/deanonymization_project/data/esrc/pool_en/summaries/T5/user_86685a27.txt
245,user_869fcb2b,T5,/Users/reflowgang/Downloads/deanonymization_project/data/esrc/pool_en/summaries/T5/user_869fcb2b.txt
246,user_8713f22a,T5,/Users/reflowgang/Downloads/deanonymization_project/data/esrc/pool_en/summaries/T5/user_8713f22a.txt
247,user_87e5d9b0,T5,/Users/reflowgang/Downloads/deanonymization_project/data/esrc/pool_en/summaries/T5/user_87e5d9b0.txt
248,user_885e8708,T5,/Users/reflowgang/Downloads/deanonymization_project/data/esrc/pool_en/summaries/T5/user_885e8708.txt
249,user_88f46c7b,T5,/Users/reflowgang/Downloads/deanonymization_project/data/esrc/pool_en/summaries/T5/user_88f46c7b.txt
250,user_89f449b4,T5,/Users/reflowgang/Downloads/deanonymization_project/data/esrc/pool_en/summaries/T5/user_89f449b4.txt
251,user_8a760553,T5,/Users/reflowgang/Downloads/deanonymization_project/data/esrc/pool_en/summaries/T5/user_8a760553.txt
252,user_8ae8c359,T5,/Users/reflowgang/Downloads/deanonymization_project/data/esrc/pool_en/summaries/T5/user_8ae8c359.txt
253,user_8afa3eba,T5,/Users/reflowgang/Downloads/deanonymization_project/data/esrc/pool_en/summaries/T5/user_8afa3eba.txt
254,user_8c6db6ed,T5,/Users/reflowgang/Downloads/deanonymization_project/data/esrc/pool_en/summaries/T5/user_8c6db6ed.txt
255,user_8d22714e,T5,/Users/reflowgang/Downloads/deanonymization_project/data/esrc/pool_en/summaries/T5/user_8d22714e.txt
256,user_8d85acb5,T5,/Users/reflowgang/Downloads/deanonymization_project/data/esrc/pool_en/summaries/T5/user_8d85acb5.txt
257,user_8d968cfb,T5,/Users/reflowgang/Downloads/deanonymization_project/data/esrc/pool_en/summaries/T5/user_8d968cfb.txt
258,user_8da30894,T5,/Users/reflowgang/Downloads/deanonymization_project/data/esrc/pool_en/summaries/T5/user_8da30894.txt
259,user_8dd20d7f,T5,/Users/reflowgang/Downloads/deanonymization_project/data/esrc/pool_en/summaries/T5/user_8dd20d7f.txt
260,user_8e48a3f8,T5,/Users/reflowgang/Downloads/deanonymization_project/data/esrc/pool_en/summaries/T5/user_8e48a3f8.txt
261,user_8e97a154,T5,/Users/reflowgang/Downloads/deanonymization_project/data/esrc/pool_en/summaries/T5/user_8e97a154.txt
262,user_8eac0a68,T5,/Users/reflowgang/Downloads/deanonymization_project/data/esrc/pool_en/summaries/T5/user_8eac0a68.txt
263,user_8f08aa94,T5,/Users/reflowgang/Downloads/deanonymization_project/data/esrc/pool_en/summaries/T5/user_8f08aa94.txt
264,user_8fe14601,T5,/Users/reflowgang/Downloads/deanonymization_project/data/esrc/pool_en/summaries/T5/user_8fe14601.txt
265,user_90202189,T5,/Users/reflowgang/Downloads/deanonymization_project/data/esrc/pool_en/summaries/T5/user_90202189.txt
266,user_902af20f,T5,/Users/reflowgang/Downloads/deanonymization_project/data/esrc/pool_en/summaries/T5/user_902af20f.txt
267,user_903329bb,T5,/Users/reflowgang/Downloads/deanonymization_project/data/esrc/pool_en/summaries/T5/user_903329bb.txt
268,user_906e2423,T5,/Users/reflowgang/Downloads/deanonymization_project/data/esrc/pool_en/summaries/T5/user_906e2423.txt
269,user_916503d6,T5,/Users/reflowgang/Downloads/deanonymization_project/data/esrc/pool_en/summaries/T5/user_916503d6.txt
270,user_920c074a,T5,/Users/reflowgang/Downloads/deanonymization_project/data/esrc/pool_en/summaries/T5/user_920c074a.txt
271,user_938164a5,T5,/Users/reflowgang/Downloads/deanonymization_project/data/esrc/pool_en/summaries/T5/user_938164a5.txt
272,user_943e4045,T5,/Users/reflowgang/Downloads/deanonymization_project/data/esrc/pool_en/summaries/T5/user_943e4045.txt
273,user_954805d7,T5,/Users/reflowgang/Downloads/deanonymization_project/data/esrc/pool_en/summaries/T5/user_954805d7.txt
274,user_959adfc8,T5,/Users/reflowgang/Downloads/deanonymization_project/data/esrc/pool_en/summaries/T5/user_959adfc8.txt
275,user_95d648bc,T5,/Users/reflowgang/Downloads/deanonymization_project/data/esrc/pool_en/summaries/T5/user_95d648bc.txt
276,user_9600e8bf,T5,/Users/reflowgang/Downloads/deanonymization_project/data/esrc/pool_en/summaries/T5/user_9600e8bf.txt
277,user_96013176,T5,/Users/reflowgang/Downloads/deanonymization_project/data/esrc/pool_en/summaries/T5/user_96013176.txt
278,user_9692f077,T5,/Users/reflowgang/Downloads/deanonymization_project/data/esrc/pool_en/summaries/T5/user_9692f077.txt
279,user_96c3cc43,T5,/Users/reflowgang/Downloads/deanonymization_project/data/esrc/pool_en/summaries/T5/user_96c3cc43.txt
280,user_96d9cb9a,T5,/Users/reflowgang/Downloads/deanonymization_project/data/esrc/pool_en/summaries/T5/user_96d9cb9a.txt
281,user_97330742,T5,/Users/reflowgang/Downloads/deanonymization_project/data/esrc/pool_en/summaries/T5/user_97330742.txt
282,user_979ee068,T5,/Users/reflowgang/Downloads/deanonymization_project/data/esrc/pool_en/summaries/T5/user_979ee068.txt
283,user_9818dcae,T5,/Users/reflowgang/Downloads/deanonymization_project/data/esrc/pool_en/summaries/T5/user_9818dcae.txt
284,user_98a676ce,T5,/Users/reflowgang/Downloads/deanonymization_project/data/esrc/pool_en/summaries/T5/user_98a676ce.txt
285,user_98ca16a6,T5,/Users/reflowgang/Downloads/deanonymization_project/data/esrc/pool_en/summaries/T5/user_98ca16a6.txt
286,user_98f18241,T5,/Users/reflowgang/Downloads/deanonymization_project/data/esrc/pool_en/summaries/T5/user_98f18241.txt
287,user_9991e1d8,T5,/Users/reflowgang/Downloads/deanonymization_project/data/esrc/pool_en/summaries/T5/user_9991e1d8.txt
288,user_99c67f2f,T5,/Users/reflowgang/Downloads/deanonymization_project/data/esrc/pool_en/summaries/T5/user_99c67f2f.txt
289,user_9a307ebe,T5,/Users/reflowgang/Downloads/deanonymization_project/data/esrc/pool_en/summaries/T5/user_9a307ebe.txt
290,user_9a5457b0,T5,/Users/reflowgang/Downloads/deanonymization_project/data/esrc/pool_en/summaries/T5/user_9a5457b0.txt
291,user_9b517815,T5,/Users/reflowgang/Downloads/deanonymization_project/data/esrc/pool_en/summaries/T5/user_9b517815.txt
292,user_9b6481e4,T5,/Users/reflowgang/Downloads/deanonymization_project/data/esrc/pool_en/summaries/T5/user_9b6481e4.txt
293,user_9bee2a7c,T5,/Users/reflowgang/Downloads/deanonymization_project/data/esrc/pool_en/summaries/T5/user_9bee2a7c.txt
294,user_9c5cd7fa,T5,/Users/reflowgang/Downloads/deanonymization_project/data/esrc/pool_en/summaries/T5/user_9c5cd7fa.txt
295,user_9c5e4782,T5,/Users/reflowgang/Downloads/deanonymization_project/data/esrc/pool_en/summaries/T5/user_9c5e4782.txt
296,user_9c7183c8,T5,/Users/reflowgang/Downloads/deanonymization_project/data/esrc/pool_en/summaries/T5/user_9c7183c8.txt
297,user_9ce96cbf,T5,/Users/reflowgang/Downloads/deanonymization_project/data/esrc/pool_en/summaries/T5/user_9ce96cbf.txt
298,user_9d8095fc,T5,/Users/reflowgang/Downloads/deanonymization_project/data/esrc/pool_en/summaries/T5/user_9d8095fc.txt
299,user_9d9fba70,T5,/Users/reflowgang/Downloads/deanonymization_project/data/esrc/pool_en/summaries/T5/user_9d9fba70.txt
300,user_9dda4af9,T5,/Users/reflowgang/Downloads/deanonymization_project/data/esrc/pool_en/summaries/T5/user_9dda4af9.txt
301,user_9e328c4e,T5,/Users/reflowgang/Downloads/deanonymization_project/data/esrc/pool_en/summaries/T5/user_9e328c4e.txt
302,user_9e39a95d,T5,/Users/reflowgang/Downloads/deanonymization_project/data/esrc/pool_en/summaries/T5/user_9e39a95d.txt
303,user_9f81cfba,T5,/Users/reflowgang/Downloads/deanonymization_project/data/esrc/pool_en/summaries/T5/user_9f81cfba.txt
304,user_9fc3c829,T5,/Users/reflowgang/Downloads/deanonymization_project/data/esrc/pool_en/summaries/T5/user_9fc3c829.txt
305,user_9ff844ba,T5,/Users/reflowgang/Downloads/deanonymization_project/data/esrc/pool_en/summaries/T5/user_9ff844ba.txt
306,user_a01f16ac,T5,/Users/reflowgang/Downloads/deanonymization_project/data/esrc/pool_en/summaries/T5/user_a01f16ac.txt
307,user_a0fa40f1,T5,/Users/reflowgang/Downloads/deanonymization_project/data/esrc/pool_en/summaries/T5/user_a0fa40f1.txt
308,user_a151ddab,T5,/Users/reflowgang/Downloads/deanonymization_project/data/esrc/pool_en/summaries/T5/user_a151ddab.txt
309,user_a1b097c2,T5,/Users/reflowgang/Downloads/deanonymization_project/data/esrc/pool_en/summaries/T5/user_a1b097c2.txt
310,user_a2825b06,T5,/Users/reflowgang/Downloads/deanonymization_project/data/esrc/pool_en/summaries/T5/user_a2825b06.txt
311,user_a2f8bfd2,T5,/Users/reflowgang/Downloads/deanonymization_project/data/esrc/pool_en/summaries/T5/user_a2f8bfd2.txt
312,user_a346dfc4,T5,/Users/reflowgang/Downloads/deanonymization_project/data/esrc/pool_en/summaries/T5/user_a346dfc4.txt
313,user_a4893af1,T5,/Users/reflowgang/Downloads/deanonymization_project/data/esrc/pool_en/summaries/T5/user_a4893af1.txt
314,user_a4a77a7d,T5,/Users/reflowgang/Downloads/deanonymization_project/data/esrc/pool_en/summaries/T5/user_a4a77a7d.txt
315,user_a4aab257,T5,/Users/reflowgang/Downloads/deanonymization_project/data/esrc/pool_en/summaries/T5/user_a4aab257.txt
316,user_a4ae4e77,T5,/Users/reflowgang/Downloads/deanonymization_project/data/esrc/pool_en/summaries/T5/user_a4ae4e77.txt
317,user_a52dd639,T5,/Users/reflowgang/Downloads/deanonymization_project/data/esrc/pool_en/summaries/T5/user_a52dd639.txt
318,user_a57a04fa,T5,/Users/reflowgang/Downloads/deanonymization_project/data/esrc/pool_en/summaries/T5/user_a57a04fa.txt
319,user_a57e47b1,T5,/Users/reflowgang/Downloads/deanonymization_project/data/esrc/pool_en/summaries/T5/user_a57e47b1.txt
320,user_a6a094cf,T5,/Users/reflowgang/Downloads/deanonymization_project/data/esrc/pool_en/summaries/T5/user_a6a094cf.txt
321,user_a743aff9,T5,/Users/reflowgang/Downloads/deanonymization_project/data/esrc/pool_en/summaries/T5/user_a743aff9.txt
322,user_a8dc91a3,T5,/Users/reflowgang/Downloads/deanonymization_project/data/esrc/pool_en/summaries/T5/user_a8dc91a3.txt
323,user_a973cf8e,T5,/Users/reflowgang/Downloads/deanonymization_project/data/esrc/pool_en/summaries/T5/user_a973cf8e.txt
324,user_a9ed5193,T5,/Users/reflowgang/Downloads/deanonymization_project/data/esrc/pool_en/summaries/T5/user_a9ed5193.txt
325,user_aa4cc34a,T5,/Users/reflowgang/Downloads/deanonymization_project/data/esrc/pool_en/summaries/T5/user_aa4cc34a.txt
326,user_aaa1e595,T5,/Users/reflowgang/Downloads/deanonymization_project/data/esrc/pool_en/summaries/T5/user_aaa1e595.txt
327,user_ab434739,T5,/Users/reflowgang/Downloads/deanonymization_project/data/esrc/pool_en/summaries/T5/user_ab434739.txt
328,user_ab439a92,T5,/Users/reflowgang/Downloads/deanonymization_project/data/esrc/pool_en/summaries/T5/user_ab439a92.txt
329,user_ab5592eb,T5,/Users/reflowgang/Downloads/deanonymization_project/data/esrc/pool_en/summaries/T5/user_ab5592eb.txt
330,user_ab8e847b,T5,/Users/reflowgang/Downloads/deanonymization_project/data/esrc/pool_en/summaries/T5/user_ab8e847b.txt
331,user_abde0618,T5,/Users/reflowgang/Downloads/deanonymization_project/data/esrc/pool_en/summaries/T5/user_abde0618.txt
332,user_ac6d6bff,T5,/Users/reflowgang/Downloads/deanonymization_project/data/esrc/pool_en/summaries/T5/user_ac6d6bff.txt
333,user_ac6e9129,T5,/Users/reflowgang/Downloads/deanonymization_project/data/esrc/pool_en/summaries/T5/user_ac6e9129.txt
334,user_acb51eed,T5,/Users/reflowgang/Downloads/deanonymization_project/data/esrc/pool_en/summaries/T5/user_acb51eed.txt
335,user_acb899e9,T5,/Users/reflowgang/Downloads/deanonymization_project/data/esrc/pool_en/summaries/T5/user_acb899e9.txt
336,user_acd6ddfb,T5,/Users/reflowgang/Downloads/deanonymization_project/data/esrc/pool_en/summaries/T5/user_acd6ddfb.txt
337,user_ad15a0a4,T5,/Users/reflowgang/Downloads/deanonymization_project/data/esrc/pool_en/summaries/T5/user_ad15a0a4.txt
338,user_b1c16312,T5,/Users/reflowgang/Downloads/deanonymization_project/data/esrc/pool_en/summaries/T5/user_b1c16312.txt
339,user_b23aa915,T5,/Users/reflowgang/Downloads/deanonymization_project/data/esrc/pool_en/summaries/T5/user_b23aa915.txt
340,user_b2aba63a,T5,/Users/reflowgang/Downloads/deanonymization_project/data/esrc/pool_en/summaries/T5/user_b2aba63a.txt
341,user_b2dd04c8,T5,/Users/reflowgang/Downloads/deanonymization_project/data/esrc/pool_en/summaries/T5/user_b2dd04c8.txt
342,user_b2f3c0d2,T5,/Users/reflowgang/Downloads/deanonymization_project/data/esrc/pool_en/summaries/T5/user_b2f3c0d2.txt
343,user_b325310b,T5,/Users/reflowgang/Downloads/deanonymization_project/data/esrc/pool_en/summaries/T5/user_b325310b.txt
344,user_b337cb0c,T5,/Users/reflowgang/Downloads/deanonymization_project/data/esrc/pool_en/summaries/T5/user_b337cb0c.txt
345,user_b49274ca,T5,/Users/reflowgang/Downloads/deanonymization_project/data/esrc/pool_en/summaries/T5/user_b49274ca.txt
346,user_b4d7e69a,T5,/Users/reflowgang/Downloads/deanonymization_project/data/esrc/pool_en/summaries/T5/user_b4d7e69a.txt
347,user_b4f295b3,T5,/Users/reflowgang/Downloads/deanonymization_project/data/esrc/pool_en/summaries/T5/user_b4f295b3.txt
348,user_b563e90b,T5,/Users/reflowgang/Downloads/deanonymization_project/data/esrc/pool_en/summaries/T5/user_b563e90b.txt
349,user_b5af9db9,T5,/Users/reflowgang/Downloads/deanonymization_project/data/esrc/pool_en/summaries/T5/user_b5af9db9.txt
350,user_b628264a,T5,/Users/reflowgang/Downloads/deanonymization_project/data/esrc/pool_en/summaries/T5/user_b628264a.txt
351,user_b6350ec1,T5,/Users/reflowgang/Downloads/deanonymization_project/data/esrc/pool_en/summaries/T5/user_b6350ec1.txt
352,user_b63ea1d4,T5,/Users/reflowgang/Downloads/deanonymization_project/data/esrc/pool_en/summaries/T5/user_b63ea1d4.txt
353,user_b6b89f00,T5,/Users/reflowgang/Downloads/deanonymization_project/data/esrc/pool_en/summaries/T5/user_b6b89f00.txt
354,user_b7ba6422,T5,/Users/reflowgang/Downloads/deanonymization_project/data/esrc/pool_en/summaries/T5/user_b7ba6422.txt
355,user_b888c512,T5,/Users/reflowgang/Downloads/deanonymization_project/data/esrc/pool_en/summaries/T5/user_b888c512.txt
356,user_b8f24804,T5,/Users/reflowgang/Downloads/deanonymization_project/data/esrc/pool_en/summaries/T5/user_b8f24804.txt
357,user_b9036662,T5,/Users/reflowgang/Downloads/deanonymization_project/data/esrc/pool_en/summaries/T5/user_b9036662.txt
358,user_ba010eec,T5,/Users/reflowgang/Downloads/deanonymization_project/data/esrc/pool_en/summaries/T5/user_ba010eec.txt
359,user_ba463257,T5,/Users/reflowgang/Downloads/deanonymization_project/data/esrc/pool_en/summaries/T5/user_ba463257.txt
360,user_ba8b1c05,T5,/Users/reflowgang/Downloads/deanonymization_project/data/esrc/pool_en/summaries/T5/user_ba8b1c05.txt
361,user_baeb91b3,T5,/Users/reflowgang/Downloads/deanonymization_project/data/esrc/pool_en/summaries/T5/user_baeb91b3.txt
362,user_baf68fe9,T5,/Users/reflowgang/Downloads/deanonymization_project/data/esrc/pool_en/summaries/T5/user_baf68fe9.txt
363,user_bb8be7e3,T5,/Users/reflowgang/Downloads/deanonymization_project/data/esrc/pool_en/summaries/T5/user_bb8be7e3.txt
364,user_bbcbf015,T5,/Users/reflowgang/Downloads/deanonymization_project/data/esrc/pool_en/summaries/T5/user_bbcbf015.txt
365,user_bbe73426,T5,/Users/reflowgang/Downloads/deanonymization_project/data/esrc/pool_en/summaries/T5/user_bbe73426.txt
366,user_bd19a016,T5,/Users/reflowgang/Downloads/deanonymization_project/data/esrc/pool_en/summaries/T5/user_bd19a016.txt
367,user_bd47000f,T5,/Users/reflowgang/Downloads/deanonymization_project/data/esrc/pool_en/summaries/T5/user_bd47000f.txt
368,user_bdcc6e7d,T5,/Users/reflowgang/Downloads/deanonymization_project/data/esrc/pool_en/summaries/T5/user_bdcc6e7d.txt
369,user_be06391b,T5,/Users/reflowgang/Downloads/deanonymization_project/data/esrc/pool_en/summaries/T5/user_be06391b.txt
370,user_beca29a3,T5,/Users/reflowgang/Downloads/deanonymization_project/data/esrc/pool_en/summaries/T5/user_beca29a3.txt
371,user_bf30f80d,T5,/Users/reflowgang/Downloads/deanonymization_project/data/esrc/pool_en/summaries/T5/user_bf30f80d.txt
372,user_c008345b,T5,/Users/reflowgang/Downloads/deanonymization_project/data/esrc/pool_en/summaries/T5/user_c008345b.txt
373,user_c0392523,T5,/Users/reflowgang/Downloads/deanonymization_project/data/esrc/pool_en/summaries/T5/user_c0392523.txt
374,user_c06d9b71,T5,/Users/reflowgang/Downloads/deanonymization_project/data/esrc/pool_en/summaries/T5/user_c06d9b71.txt
375,user_c0eba9f2,T5,/Users/reflowgang/Downloads/deanonymization_project/data/esrc/pool_en/summaries/T5/user_c0eba9f2.txt
376,user_c130412b,T5,/Users/reflowgang/Downloads/deanonymization_project/data/esrc/pool_en/summaries/T5/user_c130412b.txt
377,user_c154e834,T5,/Users/reflowgang/Downloads/deanonymization_project/data/esrc/pool_en/summaries/T5/user_c154e834.txt
378,user_c157ca97,T5,/Users/reflowgang/Downloads/deanonymization_project/data/esrc/pool_en/summaries/T5/user_c157ca97.txt
379,user_c204a1dd,T5,/Users/reflowgang/Downloads/deanonymization_project/data/esrc/pool_en/summaries/T5/user_c204a1dd.txt
380,user_c2f18cf7,T5,/Users/reflowgang/Downloads/deanonymization_project/data/esrc/pool_en/summaries/T5/user_c2f18cf7.txt
381,user_c3040c7c,T5,/Users/reflowgang/Downloads/deanonymization_project/data/esrc/pool_en/summaries/T5/user_c3040c7c.txt
382,user_c39d41d7,T5,/Users/reflowgang/Downloads/deanonymization_project/data/esrc/pool_en/summaries/T5/user_c39d41d7.txt
383,user_c41de62b,T5,/Users/reflowgang/Downloads/deanonymization_project/data/esrc/pool_en/summaries/T5/user_c41de62b.txt
384,user_c4c70447,T5,/Users/reflowgang/Downloads/deanonymization_project/data/esrc/pool_en/summaries/T5/user_c4c70447.txt
385,user_c50a487d,T5,/Users/reflowgang/Downloads/deanonymization_project/data/esrc/pool_en/summaries/T5/user_c50a487d.txt
386,user_c536b01d,T5,/Users/reflowgang/Downloads/deanonymization_project/data/esrc/pool_en/summaries/T5/user_c536b01d.txt
387,user_c59ebe9c,T5,/Users/reflowgang/Downloads/deanonymization_project/data/esrc/pool_en/summaries/T5/user_c59ebe9c.txt
388,user_c5c57a9d,T5,/Users/reflowgang/Downloads/deanonymization_project/data/esrc/pool_en/summaries/T5/user_c5c57a9d.txt
389,user_c5f32c0d,T5,/Users/reflowgang/Downloads/deanonymization_project/data/esrc/pool_en/summaries/T5/user_c5f32c0d.txt
390,user_c60d65b5,T5,/Users/reflowgang/Downloads/deanonymization_project/data/esrc/pool_en/summaries/T5/user_c60d65b5.txt
391,user_c67f26cc,T5,/Users/reflowgang/Downloads/deanonymization_project/data/esrc/pool_en/summaries/T5/user_c67f26cc.txt
392,user_c709e252,T5,/Users/reflowgang/Downloads/deanonymization_project/data/esrc/pool_en/summaries/T5/user_c709e252.txt
393,user_c809e3d2,T5,/Users/reflowgang/Downloads/deanonymization_project/data/esrc/pool_en/summaries/T5/user_c809e3d2.txt
394,user_c81fae29,T5,/Users/reflowgang/Downloads/deanonymization_project/data/esrc/pool_en/summaries/T5/user_c81fae29.txt
395,user_c883258f,T5,/Users/reflowgang/Downloads/deanonymization_project/data/esrc/pool_en/summaries/T5/user_c883258f.txt
396,user_c8e749e2,T5,/Users/reflowgang/Downloads/deanonymization_project/data/esrc/pool_en/summaries/T5/user_c8e749e2.txt
397,user_c903d3bb,T5,/Users/reflowgang/Downloads/deanonymization_project/data/esrc/pool_en/summaries/T5/user_c903d3bb.txt
398,user_c96b90fe,T5,/Users/reflowgang/Downloads/deanonymization_project/data/esrc/pool_en/summaries/T5/user_c96b90fe.txt
399,user_c994138f,T5,/Users/reflowgang/Downloads/deanonymization_project/data/esrc/pool_en/summaries/T5/user_c994138f.txt
400,user_caa6a7b6,T5,/Users/reflowgang/Downloads/deanonymization_project/data/esrc/pool_en/summaries/T5/user_caa6a7b6.txt
401,user_caebed72,T5,/Users/reflowgang/Downloads/deanonymization_project/data/esrc/pool_en/summaries/T5/user_caebed72.txt
402,user_cb2fe204,T5,/Users/reflowgang/Downloads/deanonymization_project/data/esrc/pool_en/summaries/T5/user_cb2fe204.txt
403,user_cb8245f7,T5,/Users/reflowgang/Downloads/deanonymization_project/data/esrc/pool_en/summaries/T5/user_cb8245f7.txt
404,user_cdd86523,T5,/Users/reflowgang/Downloads/deanonymization_project/data/esrc/pool_en/summaries/T5/user_cdd86523.txt
405,user_cf393213,T5,/Users/reflowgang/Downloads/deanonymization_project/data/esrc/pool_en/summaries/T5/user_cf393213.txt
406,user_d023a78e,T5,/Users/reflowgang/Downloads/deanonymization_project/data/esrc/pool_en/summaries/T5/user_d023a78e.txt
407,user_d036c911,T5,/Users/reflowgang/Downloads/deanonymization_project/data/esrc/pool_en/summaries/T5/user_d036c911.txt
408,user_d074356a,T5,/Users/reflowgang/Downloads/deanonymization_project/data/esrc/pool_en/summaries/T5/user_d074356a.txt
409,user_d10d1f24,T5,/Users/reflowgang/Downloads/deanonymization_project/data/esrc/pool_en/summaries/T5/user_d10d1f24.txt
410,user_d14b7d7b,T5,/Users/reflowgang/Downloads/deanonymization_project/data/esrc/pool_en/summaries/T5/user_d14b7d7b.txt
411,user_d1d16d30,T5,/Users/reflowgang/Downloads/deanonymization_project/data/esrc/pool_en/summaries/T5/user_d1d16d30.txt
412,user_d2c97c8e,T5,/Users/reflowgang/Downloads/deanonymization_project/data/esrc/pool_en/summaries/T5/user_d2c97c8e.txt
413,user_d4b7e22e,T5,/Users/reflowgang/Downloads/deanonymization_project/data/esrc/pool_en/summaries/T5/user_d4b7e22e.txt
414,user_d50d7985,T5,/Users/reflowgang/Downloads/deanonymization_project/data/esrc/pool_en/summaries/T5/user_d50d7985.txt
415,user_d5d4fc6e,T5,/Users/reflowgang/Downloads/deanonymization_project/data/esrc/pool_en/summaries/T5/user_d5d4fc6e.txt
416,user_d761140c,T5,/Users/reflowgang/Downloads/deanonymization_project/data/esrc/pool_en/summaries/T5/user_d761140c.txt
417,user_d849ac6e,T5,/Users/reflowgang/Downloads/deanonymization_project/data/esrc/pool_en/summaries/T5/user_d849ac6e.txt
418,user_d955d7e2,T5,/Users/reflowgang/Downloads/deanonymization_project/data/esrc/pool_en/summaries/T5/user_d955d7e2.txt
419,user_da51dede,T5,/Users/reflowgang/Downloads/deanonymization_project/data/esrc/pool_en/summaries/T5/user_da51dede.txt
420,user_dac2c359,T5,/Users/reflowgang/Downloads/deanonymization_project/data/esrc/pool_en/summaries/T5/user_dac2c359.txt
421,user_daf37424,T5,/Users/reflowgang/Downloads/deanonymization_project/data/esrc/pool_en/summaries/T5/user_daf37424.txt
422,user_db4c3fb9,T5,/Users/reflowgang/Downloads/deanonymization_project/data/esrc/pool_en/summaries/T5/user_db4c3fb9.txt
423,user_dbbf562e,T5,/Users/reflowgang/Downloads/deanonymization_project/data/esrc/pool_en/summaries/T5/user_dbbf562e.txt
424,user_dc326993,T5,/Users/reflowgang/Downloads/deanonymization_project/data/esrc/pool_en/summaries/T5/user_dc326993.txt
425,user_dc32d458,T5,/Users/reflowgang/Downloads/deanonymization_project/data/esrc/pool_en/summaries/T5/user_dc32d458.txt
426,user_dca78fea,T5,/Users/reflowgang/Downloads/deanonymization_project/data/esrc/pool_en/summaries/T5/user_dca78fea.txt
427,user_dd0bd02d,T5,/Users/reflowgang/Downloads/deanonymization_project/data/esrc/pool_en/summaries/T5/user_dd0bd02d.txt
428,user_df8dc9bb,T5,/Users/reflowgang/Downloads/deanonymization_project/data/esrc/pool_en/summaries/T5/user_df8dc9bb.txt
429,user_dffc0da5,T5,/Users/reflowgang/Downloads/deanonymization_project/data/esrc/pool_en/summaries/T5/user_dffc0da5.txt
430,user_e0c65725,T5,/Users/reflowgang/Downloads/deanonymization_project/data/esrc/pool_en/summaries/T5/user_e0c65725.txt
431,user_e10c98bb,T5,/Users/reflowgang/Downloads/deanonymization_project/data/esrc/pool_en/summaries/T5/user_e10c98bb.txt
432,user_e14b88a8,T5,/Users/reflowgang/Downloads/deanonymization_project/data/esrc/pool_en/summaries/T5/user_e14b88a8.txt
433,user_e1730a9c,T5,/Users/reflowgang/Downloads/deanonymization_project/data/esrc/pool_en/summaries/T5/user_e1730a9c.txt
434,user_e409a56d,T5,/Users/reflowgang/Downloads/deanonymization_project/data/esrc/pool_en/summaries/T5/user_e409a56d.txt
435,user_e4ab67b6,T5,/Users/reflowgang/Downloads/deanonymization_project/data/esrc/pool_en/summaries/T5/user_e4ab67b6.txt
436,user_e4f8ab0c,T5,/Users/reflowgang/Downloads/deanonymization_project/data/esrc/pool_en/summaries/T5/user_e4f8ab0c.txt
437,user_e51692a6,T5,/Users/reflowgang/Downloads/deanonymization_project/data/esrc/pool_en/summaries/T5/user_e51692a6.txt
438,user_e59c000f,T5,/Users/reflowgang/Downloads/deanonymization_project/data/esrc/pool_en/summaries/T5/user_e59c000f.txt
439,user_e5f67397,T5,/Users/reflowgang/Downloads/deanonymization_project/data/esrc/pool_en/summaries/T5/user_e5f67397.txt
440,user_e64d80ba,T5,/Users/reflowgang/Downloads/deanonymization_project/data/esrc/pool_en/summaries/T5/user_e64d80ba.txt
441,user_e6dd44b0,T5,/Users/reflowgang/Downloads/deanonymization_project/data/esrc/pool_en/summaries/T5/user_e6dd44b0.txt
442,user_e7a55eac,T5,/Users/reflowgang/Downloads/deanonymization_project/data/esrc/pool_en/summaries/T5/user_e7a55eac.txt
443,user_e802076d,T5,/Users/reflowgang/Downloads/deanonymization_project/data/esrc/pool_en/summaries/T5/user_e802076d.txt
444,user_e838707b,T5,/Users/reflowgang/Downloads/deanonymization_project/data/esrc/pool_en/summaries/T5/user_e838707b.txt
445,user_e8613813,T5,/Users/reflowgang/Downloads/deanonymization_project/data/esrc/pool_en/summaries/T5/user_e8613813.txt
446,user_e88c308b,T5,/Users/reflowgang/Downloads/deanonymization_project/data/esrc/pool_en/summaries/T5/user_e88c308b.txt
447,user_e8a7be73,T5,/Users/reflowgang/Downloads/deanonymization_project/data/esrc/pool_en/summaries/T5/user_e8a7be73.txt
448,user_e8e9acac,T5,/Users/reflowgang/Downloads/deanonymization_project/data/esrc/pool_en/summaries/T5/user_e8e9acac.txt
449,user_e9d1886c,T5,/Users/reflowgang/Downloads/deanonymization_project/data/esrc/pool_en/summaries/T5/user_e9d1886c.txt
450,user_ea67f9c6,T5,/Users/reflowgang/Downloads/deanonymization_project/data/esrc/pool_en/summaries/T5/user_ea67f9c6.txt
451,user_ebe17c78,T5,/Users/reflowgang/Downloads/deanonymization_project/data/esrc/pool_en/summaries/T5/user_ebe17c78.txt
452,user_ec574395,T5,/Users/reflowgang/Downloads/deanonymization_project/data/esrc/pool_en/summaries/T5/user_ec574395.txt
453,user_ecba8131,T5,/Users/reflowgang/Downloads/deanonymization_project/data/esrc/pool_en/summaries/T5/user_ecba8131.txt
454,user_ecc1ca0a,T5,/Users/reflowgang/Downloads/deanonymization_project/data/esrc/pool_en/summaries/T5/user_ecc1ca0a.txt
455,user_ed1aaed8,T5,/Users/reflowgang/Downloads/deanonymization_project/data/esrc/pool_en/summaries/T5/user_ed1aaed8.txt
456,user_ee05ee55,T5,/Users/reflowgang/Downloads/deanonymization_project/data/esrc/pool_en/summaries/T5/user_ee05ee55.txt
457,user_ee14f818,T5,/Users/reflowgang/Downloads/deanonymization_project/data/esrc/pool_en/summaries/T5/user_ee14f818.txt
458,user_ee8d5ec5,T5,/Users/reflowgang/Downloads/deanonymization_project/data/esrc/pool_en/summaries/T5/user_ee8d5ec5.txt
459,user_ef954c6e,T5,/Users/reflowgang/Downloads/deanonymization_project/data/esrc/pool_en/summaries/T5/user_ef954c6e.txt
460,user_efcacf59,T5,/Users/reflowgang/Downloads/deanonymization_project/data/esrc/pool_en/summaries/T5/user_efcacf59.txt
461,user_f030b951,T5,/Users/reflowgang/Downloads/deanonymization_project/data/esrc/pool_en/summaries/T5/user_f030b951.txt
462,user_f070eee7,T5,/Users/reflowgang/Downloads/deanonymization_project/data/esrc/pool_en/summaries/T5/user_f070eee7.txt
463,user_f0b144fc,T5,/Users/reflowgang/Downloads/deanonymization_project/data/esrc/pool_en/summaries/T5/user_f0b144fc.txt
464,user_f0cf195f,T5,/Users/reflowgang/Downloads/deanonymization_project/data/esrc/pool_en/summaries/T5/user_f0cf195f.txt
465,user_f107081e,T5,/Users/reflowgang/Downloads/deanonymization_project/data/esrc/pool_en/summaries/T5/user_f107081e.txt
466,user_f27da10a,T5,/Users/reflowgang/Downloads/deanonymization_project/data/esrc/pool_en/summaries/T5/user_f27da10a.txt
467,user_f3377028,T5,/Users/reflowgang/Downloads/deanonymization_project/data/esrc/pool_en/summaries/T5/user_f3377028.txt
468,user_f368b9da,T5,/Users/reflowgang/Downloads/deanonymization_project/data/esrc/pool_en/summaries/T5/user_f368b9da.txt
469,user_f43d6008,T5,/Users/reflowgang/Downloads/deanonymization_project/data/esrc/pool_en/summaries/T5/user_f43d6008.txt
470,user_f4f9490d,T5,/Users/reflowgang/Downloads/deanonymization_project/data/esrc/pool_en/summaries/T5/user_f4f9490d.txt
471,user_f5138e15,T5,/Users/reflowgang/Downloads/deanonymization_project/data/esrc/pool_en/summaries/T5/user_f5138e15.txt
472,user_f52ced02,T5,/Users/reflowgang/Downloads/deanonymization_project/data/esrc/pool_en/summaries/T5/user_f52ced02.txt
473,user_f54058d0,T5,/Users/reflowgang/Downloads/deanonymization_project/data/esrc/pool_en/summaries/T5/user_f54058d0.txt
474,user_f5e2976e,T5,/Users/reflowgang/Downloads/deanonymization_project/data/esrc/pool_en/summaries/T5/user_f5e2976e.txt
475,user_f5fea76f,T5,/Users/reflowgang/Downloads/deanonymization_project/data/esrc/pool_en/summaries/T5/user_f5fea76f.txt
476,user_f60a09b3,T5,/Users/reflowgang/Downloads/deanonymization_project/data/esrc/pool_en/summaries/T5/user_f60a09b3.txt
477,user_f7538815,T5,/Users/reflowgang/Downloads/deanonymization_project/data/esrc/pool_en/summaries/T5/user_f7538815.txt
478,user_f75c71f0,T5,/Users/reflowgang/Downloads/deanonymization_project/data/esrc/pool_en/summaries/T5/user_f75c71f0.txt
479,user_f7bb8af1,T5,/Users/reflowgang/Downloads/deanonymization_project/data/esrc/pool_en/summaries/T5/user_f7bb8af1.txt
480,user_f7fd2885,T5,/Users/reflowgang/Downloads/deanonymization_project/data/esrc/pool_en/summaries/T5/user_f7fd2885.txt
481,user_f827c7dd,T5,/Users/reflowgang/Downloads/deanonymization_project/data/esrc/pool_en/summaries/T5/user_f827c7dd.txt
482,user_f8e2246f,T5,/Users/reflowgang/Downloads/deanonymization_project/data/esrc/pool_en/summaries/T5/user_f8e2246f.txt
483,user_f930e37f,T5,/Users/reflowgang/Downloads/deanonymization_project/data/esrc/pool_en/summaries/T5/user_f930e37f.txt
484,user_f959eee4,T5,/Users/reflowgang/Downloads/deanonymization_project/data/esrc/pool_en/summaries/T5/user_f959eee4.txt
485,user_fa60616d,T5,/Users/reflowgang/Downloads/deanonymization_project/data/esrc/pool_en/summaries/T5/user_fa60616d.txt
486,user_fa69a385,T5,/Users/reflowgang/Downloads/deanonymization_project/data/esrc/pool_en/summaries/T5/user_fa69a385.txt
487,user_fb427339,T5,/Users/reflowgang/Downloads/deanonymization_project/data/esrc/pool_en/summaries/T5/user_fb427339.txt
488,user_fb64cb55,T5,/Users/reflowgang/Downloads/deanonymization_project/data/esrc/pool_en/summaries/T5/user_fb64cb55.txt
489,user_fb8f46c8,T5,/Users/reflowgang/Downloads/deanonymization_project/data/esrc/pool_en/summaries/T5/user_fb8f46c8.txt
490,user_fbed237d,T5,/Users/reflowgang/Downloads/deanonymization_project/data/esrc/pool_en/summaries/T5/user_fbed237d.txt
491,user_fc1cfe0b,T5,/Users/reflowgang/Downloads/deanonymization_project/data/esrc/pool_en/summaries/T5/user_fc1cfe0b.txt
492,user_fca58a87,T5,/Users/reflowgang/Downloads/deanonymization_project/data/esrc/pool_en/summaries/T5/user_fca58a87.txt
493,user_fcf93ee8,T5,/Users/reflowgang/Downloads/deanonymization_project/data/esrc/pool_en/summaries/T5/user_fcf93ee8.txt
494,user_fdc08e26,T5,/Users/reflowgang/Downloads/deanonymization_project/data/esrc/pool_en/summaries/T5/user_fdc08e26.txt
495,user_fdcaaf41,T5,/Users/reflowgang/Downloads/deanonymization_project/data/esrc/pool_en/summaries/T5/user_fdcaaf41.txt
496,user_fde2d265,T5,/Users/reflowgang/Downloads/deanonymization_project/data/esrc/pool_en/summaries/T5/user_fde2d265.txt
497,user_fe922ad0,T5,/Users/reflowgang/Downloads/deanonymization_project/data/esrc/pool_en/summaries/T5/user_fe922ad0.txt
498,user_ff39b6cf,T5,/Users/reflowgang/Downloads/deanonymization_project/data/esrc/pool_en/summaries/T5/user_ff39b6cf.txt
499,user_ff591131,T5,/Users/reflowgang/Downloads/deanonymization_project/data/esrc/pool_en/summaries/T5/user_ff591131.txt
