row_id,user_id,content_type,summary_path
0,user_0168255c,opinion,/Users/reflowgang/Downloads/deanonymization_project/data/content_types/summaries/opinion/user_0168255c.txt
1,user_02016939,opinion,/Users/reflowgang/Downloads/deanonymization_project/data/content_types/summaries/opinion/user_02016939.txt
2,user_0285dee3,opinion,/Users/reflowgang/Downloads/deanonymization_project/data/content_types/summaries/opinion/user_0285dee3.txt
3,user_02d8a1f8,opinion,/Users/reflowgang/Downloads/deanonymization_project/data/content_types/summaries/opinion/user_02d8a1f8.txt
4,user_02fecea2,opinion,/Users/reflowgang/Downloads/deanonymization_project/data/content_types/summaries/opinion/user_02fecea2.txt
5,user_03410579,opinion,/Users/reflowgang/Downloads/deanonymization_project/data/content_types/summaries/opinion/user_03410579.txt
6,user_043ea160,opinion,/Users/reflowgang/Downloads/deanonymization_project/data/content_types/summaries/opinion/user_043ea160.txt
7,user_04d8419e,opinion,/Users/reflowgang/Downloads/deanonymization_project/data/content_types/summaries/opinion/user_04d8419e.txt
8,user_0521a7ac,opinion,/Users/reflowgang/Downloads/deanonymization_project/data/content_types/summaries/opinion/user_0521a7ac.txt
9,user_058c1800,opinion,/Users/reflowgang/Downloads/deanonymization_project/data/content_types/summaries/opinion/user_058c1800.txt
10,user_0697c470,opinion,/Users/reflowgang/Downloads/deanonymization_project/data/content_types/summaries/opinion/user_0697c470.txt
11,user_07db2c6a,opinion,/Users/reflowgang/Downloads/deanonymization_project/data/content_types/summaries/opinion/user_07db2c6a.txt
12,user_07faa0fc,opinion,/Users/reflowgang/Downloads/deanonymization_project/data/content_types/summaries/opinion/user_07faa0fc.txt
13,user_08c32973,opinion,/Users/reflowgang/Downloads/deanonymization_project/data/content_types/summaries/opinion/user_08c32973.txt
14,user_08e9ce6e,opinion,/Users/reflowgang/Downloads/deanonymization_project/data/content_types/summaries/opinion/user_08e9ce6e.txt
15,user_092e219d,opinion,/Users/reflowgang/Downloads/deanonymization_project/data/content_types/summaries/opinion/user_092e219d.txt
16,user_0a0bcaa6,opinion,/Users/reflowgang/Downloads/deanonymization_project/data/content_types/summaries/opinion/user_0a0bcaa6.txt
17,user_0a245f61,opinion,/Users/reflowgang/Downloads/deanonymization_project/data/content_types/summaries/opinion/user_0a245f61.txt
18,user_0b64b183,opinion,/Users/reflowgang/Downloads/deanonymization_project/data/content_types/summaries/opinion/user_0b64b183.txt
19,user_0c578ab5,opinion,/Users/reflowgang/Downloads/deanonymization_project/data/content_types/summaries/opinion/user_0c578ab5.txt
20,user_0cc626ee,opinion,/Users/reflowgang/Downloads/deanonymization_project/data/content_types/summaries/opinion/user_0cc626ee.txt
21,user_0cd29f02,opinion,/Users/reflowgang/Downloads/deanonymization_project/data/content_types/summaries/opinion/user_0cd29f02.txt
22,user_0f0ad720,opinion,/Users/reflowgang/Downloads/deanonymization_project/data/content_types/summaries/opinion/user_0f0ad720.txt
23,user_107259c3,opinion,/Users/reflowgang/Downloads/deanonymization_project/data/content_types/summaries/opinion/user_107259c3.txt
24,user_10e64e28,opinion,/Users/reflowgang/Downloads/deanonymization_project/data/content_types/summaries/opinion/user_10e64e28.txt
25,user_111cfe7d,opinion,/Users/reflowgang/Downloads/deanonymization_project/data/content_types/summaries/opinion/user_111cfe7d.txt
26,user_126670d7,opinion,/Users/reflowgang/Downloads/deanonymization_project/data/content_types/summaries/opinion/user_126670d7.txt
27,user_1302cb61,opinion,/Users/reflowgang/Downloads/deanonymization_project/data/content_types/summaries/opinion/user_1302cb61.txt
28,user_13f8ee07,opinion,/Users/reflowgang/Downloads/deanonymization_project/data/content_types/summaries/opinion/user_13f8ee07.txt
29,user_13fb2e34,opinion,/Users/reflowgang/Downloads/deanonymization_project/data/content_types/summaries/opinion/user_13fb2e34.txt
30,user_147d1bbb,opinion,/Users/reflowgang/Downloads/deanonymization_project/data/content_types/summaries/opinion/user_147d1bbb.txt
31,user_159646d5,opinion,/Users/reflowgang/Downloads/deanonymization_project/data/content_types/summaries/opinion/user_159646d5.txt
32,user_164057cc,opinion,/Users/reflowgang/Downloads/deanonymization_project/data/content_types/summaries/opinion/user_164057cc.txt
33,user_164fe4b8,opinion,/Users/reflowgang/Downloads/deanonymization_project/data/content_types/summaries/opinion/user_164fe4b8.txt
34,user_165a2706,opinion,/Users/reflowgang/Downloads/deanonymization_project/data/content_types/summaries/opinion/user_165a2706.txt
35,user_16b87e34,opinion,/Users/reflowgang/Downloads/deanonymization_project/data/content_types/summaries/opinion/user_16b87e34.txt
36,user_17355c30,opinion,/Users/reflowgang/Downloads/deanonymization_project/data/content_types/summaries/opinion/user_17355c30.txt
37,user_17607ebc,opinion,/Users/reflowgang/Downloads/deanonymization_project/data/content_types/summaries/opinion/user_17607ebc.txt
38,user_183b3783,opinion,/Users/reflowgang/Downloads/deanonymization_project/data/content_types/summaries/opinion/user_183b3783.txt
39,user_18522854,opinion,/Users/reflowgang/Downloads/deanonymization_project/data/content_types/summaries/opinion/user_18522854.txt
40,user_18892460,opinion,/Users/reflowgang/Downloads/deanonymization_project/data/content_types/summaries/opinion/user_18892460.txt
41,user_18c333c6,opinion,/Users/reflowgang/Downloads/deanonymization_project/data/content_types/summaries/opinion/user_18c333c6.txt
42,user_192a215d,opinion,/Users/reflowgang/Downloads/deanonymization_project/data/content_types/summaries/opinion/user_192a215d.txt
43,user_194b92fc,opinion,/Users/reflowgang/Downloads/deanonymization_project/data/content_types/summaries/opinion/user_194b92fc.txt
44,user_19641691,opinion,/Users/reflowgang/Downloads/deanonymization_project/data/content_types/summaries/opinion/user_19641691.txt
45,user_19952166,opinion,/Users/reflowgang/Downloads/deanonymization_project/data/content_types/summaries/opinion/user_19952166.txt
46,user_1a2755b3,opinion,/Users/reflowgang/Downloads/deanonymization_project/data/content_types/summaries/opinion/user_1a2755b3.txt
47,user_1a4bec69,opinion,/Users/reflowgang/Downloads/deanonymization_project/data/content_types/summaries/opinion/user_1a4bec69.txt
48,user_1a7d6cd5,opinion,/Users/reflowgang/Downloads/deanonymization_project/data/content_types/summaries/opinion/user_1a7d6cd5.txt
49,user_1b2d69c1,opinion,/Users/reflowgang/Downloads/deanonymization_project/data/content_types/summaries/opinion/user_1b2d69c1.txt
50,user_1b7f8c56,opinion,/Users/reflowgang/Downloads/deanonymization_project/data/content_types/summaries/opinion/user_1b7f8c56.txt
51,user_1b89f77a,opinion,/Users/reflowgang/Downloads/deanonymization_project/data/content_types/summaries/opinion/user_1b89f77a.txt
52,user_1d775dd8,opinion,/Users/reflowgang/Downloads/deanonymization_project/data/content_types/summaries/opinion/user_1d775dd8.txt
53,user_1dc24686,opinion,/Users/reflowgang/Downloads/deanonymization_project/data/content_types/summaries/opinion/user_1dc24686.txt
54,user_1df51301,opinion,/Users/reflowgang/Downloads/deanonymization_project/data/content_types/summaries/opinion/user_1df51301.txt
55,user_1e302679,opinion,/Users/reflowgang/Downloads/deanonymization_project/data/content_types/summaries/opinion/user_1e302679.txt
56,user_1f1dc5e0,opinion,/Users/reflowgang/Downloads/deanonymization_project/data/content_types/summaries/opinion/user_1f1dc5e0.txt
57,user_1f636ddc,opinion,/Users/reflowgang/Downloads/deanonymization_project/data/content_types/summaries/opinion/user_1f636ddc.txt
58,user_205d25f3,opinion,/Users/reflowgang/Downloads/deanonymization_project/data/content_types/summaries/opinion/user_205d25f3.txt
59,user_2142b6e1,opinion,/Users/reflowgang/Downloads/deanonymization_project/data/content_types/summaries/opinion/user_2142b6e1.txt
60,user_21b4fa31,opinion,/Users/reflowgang/Downloads/deanonymization_project/data/content_types/summaries/opinion/user_21b4fa31.txt
61,user_2373103d,opinion,/Users/reflowgang/Downloads/deanonymization_project/data/content_types/summaries/opinion/user_2373103d.txt
62,user_245fd42f,opinion,/Users/reflowgang/Downloads/deanonymization_project/data/content_types/summaries/opinion/user_245fd42f.txt
63,user_25652863,opinion,/Users/reflowgang/Downloads/deanonymization_project/data/content_types/summaries/opinion/user_25652863.txt
64,user_25798310,opinion,/Users/reflowgang/Downloads/deanonymization_project/data/content_types/summaries/opinion/user_25798310.txt
65,user_25b48a9a,opinion,/Users/reflowgang/Downloads/deanonymization_project/data/content_types/summaries/opinion/user_25b48a9a.txt
66,user_26565155,opinion,/Users/reflowgang/Downloads/deanonymization_project/data/content_types/summaries/opinion/user_26565155.txt
67,user_26fa9d90,opinion,/Users/reflowgang/Downloads/deanonymization_project/data/content_types/summaries/opinion/user_26fa9d90.txt
68,user_27a3fa64,opinion,/Users/reflowgang/Downloads/deanonymization_project/data/content_types/summaries/opinion/user_27a3fa64.txt
69,user_2920b35e,opinion,/Users/reflowgang/Downloads/deanonymization_project/data/content_types/summaries/opinion/user_2920b35e.txt
70,user_2a704b9c,opinion,/Users/reflowgang/Downloads/deanonymization_project/data/content_types/summaries/opinion/user_2a704b9c.txt
71,user_2a94c885,opinion,/Users/reflowgang/Downloads/deanonymization_project/data/content_types/summaries/opinion/user_2a94c885.txt
72,user_2b271761,opinion,/Users/reflowgang/Downloads/deanonymization_project/data/content_types/summaries/opinion/user_2b271761.txt
73,user_2b79ef0b,opinion,/Users/reflowgang/Downloads/deanonymization_project/data/content_types/summaries/opinion/user_2b79ef0b.txt
74,user_2c3eb234,opinion,/Users/reflowgang/Downloads/deanonymization_project/data/content_types/summaries/opinion/user_2c3eb234.txt
75,user_2c69b83e,opinion,/Users/reflowgang/Downloads/deanonymization_project/data/content_types/summaries/opinion/user_2c69b83e.txt
76,user_2c940ff8,opinion,/Users/reflowgang/Downloads/deanonymization_project/data/content_types/summaries/opinion/user_2c940ff8.txt
77,user_2dc10d2d,opinion,/Users/reflowgang/Downloads/deanonymization_project/data/content_types/summaries/opinion/user_2dc10d2d.txt
78,user_2dd189e3,opinion,/Users/reflowgang/Downloads/deanonymization_project/data/content_types/summaries/opinion/user_2dd189e3.txt
79,user_2eaaa117,opinion,/Users/reflowgang/Downloads/deanonymization_project/data/content_types/summaries/opinion/user_2eaaa117.txt
80,user_2eb5d860,opinion,/Users/reflowgang/Downloads/deanonymization_project/data/content_types/summaries/opinion/user_2eb5d860.txt
81,user_2efde048,opinion,/Users/reflowgang/Downloads/deanonymization_project/data/content_types/summaries/opinion/user_2efde048.txt
82,user_2f1085dd,opinion,/Users/reflowgang/Downloads/deanonymization_project/data/content_types/summaries/opinion/user_2f1085dd.txt
83,user_2f766c23,opinion,/Users/reflowgang/Downloads/deanonymization_project/data/content_types/summaries/opinion/user_2f766c23.txt
84,user_3049510b,opinion,/Users/reflowgang/Downloads/deanonymization_project/data/content_types/summaries/opinion/user_3049510b.txt
85,user_30802254,opinion,/Users/reflowgang/Downloads/deanonymization_project/data/content_types/summaries/opinion/user_30802254.txt
86,user_3121653d,opinion,/Users/reflowgang/Downloads/deanonymization_project/data/content_types/summaries/opinion/user_3121653d.txt
87,user_32934d38,opinion,/Users/reflowgang/Downloads/deanonymization_project/data/content_types/summaries/opinion/user_32934d38.txt
88,user_32ae32f9,opinion,/Users/reflowgang/Downloads/deanonymization_project/data/content_types/summaries/opinion/user_32ae32f9.txt
89,user_32f31383,opinion,/Users/reflowgang/Downloads/deanonymization_project/data/content_types/summaries/opinion/user_32f31383.txt
90,user_3353b96b,opinion,/Users/reflowgang/Downloads/deanonymization_project/data/content_types/summaries/opinion/user_3353b96b.txt
91,user_338e1332,opinion,/Users/reflowgang/Downloads/deanonymization_project/data/content_types/summaries/opinion/user_338e1332.txt
92,user_34b1fb84,opinion,/Users/reflowgang/Downloads/deanonymization_project/data/content_types/summaries/opinion/user_34b1fb84.txt
93,user_364bb955,opinion,/Users/reflowgang/Downloads/deanonymization_project/data/content_types/summaries/opinion/user_364bb955.txt
94,user_36dd1253,opinion,/Users/reflowgang/Downloads/deanonymization_project/data/content_types/summaries/opinion/user_36dd1253.txt
95,user_372c2b3e,opinion,/Users/reflowgang/Downloads/deanonymization_project/data/content_types/summaries/opinion/user_372c2b3e.txt
96,user_378003e3,opinion,/Users/reflowgang/Downloads/deanonymization_project/data/content_types/summaries/opinion/user_378003e3.txt
97,user_37be663c,opinion,/Users/reflowgang/Downloads/deanonymization_project/data/content_types/summaries/opinion/user_37be663c.txt
98,user_38390331,opinion,/Users/reflowgang/Downloads/deanonymization_project/data/content_types/summaries/opinion/user_38390331.txt
99,user_3850eb9e,opinion,/Users/reflowgang/Downloads/deanonymization_project/data/content_types/summaries/opinion/user_3850eb9e.txt
100,user_3971c3e6,opinion,/Users/reflowgang/Downloads/deanonymization_project/data/content_types/summaries/opinion/user_3971c3e6.txt
101,user_39939c54,opinion,/Users/reflowgang/Downloads/deanonymization_project/data/content_types/summaries/opinion/user_39939c54.txt
102,user_39aad1a2,opinion,/Users/reflowgang/Downloads/deanonymization_project/data/content_types/summaries/opinion/user_39aad1a2.txt
103,user_39f8897b,opinion,/Users/reflowgang/Downloads/deanonymization_project/data/content_types/summaries/opinion/user_39f8897b.txt
104,user_3a55606c,opinion,/Users/reflowgang/Downloads/deanonymization_project/data/content_types/summaries/opinion/user_3a55606c.txt
105,user_3b1da5d9,opinion,/Users/reflowgang/Downloads/deanonymization_project/data/content_types/summaries/opinion/user_3b1da5d9.txt
106,user_3b90fb53,opinion,/Users/reflowgang/Downloads/deanonymization_project/data/content_types/summaries/opinion/user_3b90fb53.txt
107,user_3bb7992e,opinion,/Users/reflowgang/Downloads/deanonymization_project/data/content_types/summaries/opinion/user_3bb7992e.txt
108,user_3ce4c1f8,opinion,/Users/reflowgang/Downloads/deanonymization_project/data/content_types/summaries/opinion/user_3ce4c1f8.txt
109,user_3e284ba5,opinion,/Users/reflowgang/Downloads/deanonymization_project/data/content_types/summaries/opinion/user_3e284ba5.txt
110,user_3eb49f37,opinion,/Users/reflowgang/Downloads/deanonymization_project/data/content_types/summaries/opinion/user_3eb49f37.txt
111,user_3f1d04a6,opinion,/Users/reflowgang/Downloads/deanonymization_project/data/content_types/summaries/opinion/user_3f1d04a6.txt
112,user_3f2894b5,opinion,/Users/reflowgang/Downloads/deanonymization_project/data/content_types/summaries/opinion/user_3f2894b5.txt
113,user_3f798a8b,opinion,/Users/reflowgang/Downloads/deanonymization_project/data/content_types/summaries/opinion/user_3f798a8b.txt
114,user_3ff88cf0,opinion,/Users/reflowgang/Downloads/deanonymization_project/data/content_types/summaries/opinion/user_3ff88cf0.txt
115,user_40a0bad3,opinion,/Users/reflowgang/Downloads/deanonymization_project/data/content_types/summaries/opinion/user_40a0bad3.txt
116,user_40efa894,opinion,/Users/reflowgang/Downloads/deanonymization_project/data/content_types/summaries/opinion/user_40efa894.txt
117,user_433bdef0,opinion,/Users/reflowgang/Downloads/deanonymization_project/data/content_types/summaries/opinion/user_433bdef0.txt
118,user_434f3511,opinion,/Users/reflowgang/Downloads/deanonymization_project/data/content_types/summaries/opinion/user_434f3511.txt
119,user_44567221,opinion,/Users/reflowgang/Downloads/deanonymization_project/data/content_types/summaries/opinion/user_44567221.txt
120,user_454733da,opinion,/Users/reflowgang/Downloads/deanonymization_project/data/content_types/summaries/opinion/user_454733da.txt
121,user_45926b89,opinion,/Users/reflowgang/Downloads/deanonymization_project/data/content_types/summaries/opinion/user_45926b89.txt
122,user_45d008d3,opinion,/Users/reflowgang/Downloads/deanonymization_project/data/content_types/summaries/opinion/user_45d008d3.txt
123,user_4607d25d,opinion,/Users/reflowgang/Downloads/deanonymization_project/data/content_types/summaries/opinion/user_4607d25d.txt
124,user_476670f9,opinion,/Users/reflowgang/Downloads/deanonymization_project/data/content_types/summaries/opinion/user_476670f9.txt
125,user_4aaa8404,opinion,/Users/reflowgang/Downloads/deanonymization_project/data/content_types/summaries/opinion/user_4aaa8404.txt
126,user_4ab9d510,opinion,/Users/reflowgang/Downloads/deanonymization_project/data/content_types/summaries/opinion/user_4ab9d510.txt
127,user_4b139395,opinion,/Users/reflowgang/Downloads/deanonymization_project/data/content_types/summaries/opinion/user_4b139395.txt
128,user_4b8335bd,opinion,/Users/reflowgang/Downloads/deanonymization_project/data/content_types/summaries/opinion/user_4b8335bd.txt
129,user_4bd9303b,opinion,/Users/reflowgang/Downloads/deanonymization_project/data/content_types/summaries/opinion/user_4bd9303b.txt
130,user_4cad4295,opinion,/Users/reflowgang/Downloads/deanonymization_project/data/content_types/summaries/opinion/user_4cad4295.txt
131,user_4d4f73a6,opinion,/Users/reflowgang/Downloads/deanonymization_project/data/content_types/summaries/opinion/user_4d4f73a6.txt
132,user_4e42bf97,opinion,/Users/reflowgang/Downloads/deanonymization_project/data/content_types/summaries/opinion/user_4e42bf97.txt
133,user_4e54f3d7,opinion,/Users/reflowgang/Downloads/deanonymization_project/data/content_types/summaries/opinion/user_4e54f3d7.txt
134,user_4f3b6241,opinion,/Users/reflowgang/Downloads/deanonymization_project/data/content_types/summaries/opinion/user_4f3b6241.txt
135,user_4f8b6987,opinion,/Users/reflowgang/Downloads/deanonymization_project/data/content_types/summaries/opinion/user_4f8b6987.txt
136,user_500badda,opinion,/Users/reflowgang/Downloads/deanonymization_project/data/content_types/summaries/opinion/user_500badda.txt
137,user_5062c872,opinion,/Users/reflowgang/Downloads/deanonymization_project/data/content_types/summaries/opinion/user_5062c872.txt
138,user_515ae840,opinion,/Users/reflowgang/Downloads/deanonymization_project/data/content_types/summaries/opinion/user_515ae840.txt
139,user_529e3009,opinion,/Users/reflowgang/Downloads/deanonymization_project/data/content_types/summaries/opinion/user_529e3009.txt
140,user_52d3881c,opinion,/Users/reflowgang/Downloads/deanonymization_project/data/content_types/summaries/opinion/user_52d3881c.txt
141,user_53325367,opinion,/Users/reflowgang/Downloads/deanonymization_project/data/content_types/summaries/opinion/user_53325367.txt
142,user_54c1ebee,opinion,/Users/reflowgang/Downloads/deanonymization_project/data/content_types/summaries/opinion/user_54c1ebee.txt
143,user_56909460,opinion,/Users/reflowgang/Downloads/deanonymization_project/data/content_types/summaries/opinion/user_56909460.txt
144,user_56980aa9,opinion,/Users/reflowgang/Downloads/deanonymization_project/data/content_types/summaries/opinion/user_56980aa9.txt
145,user_5738db35,opinion,/Users/reflowgang/Downloads/deanonymization_project/data/content_types/summaries/opinion/user_5738db35.txt
146,user_582ff5b2,opinion,/Users/reflowgang/Downloads/deanonymization_project/data/content_types/summaries/opinion/user_582ff5b2.txt
147,user_58892c7c,opinion,/Users/reflowgang/Downloads/deanonymization_project/data/content_types/summaries/opinion/user_58892c7c.txt
148,user_58bfeaad,opinion,/Users/reflowgang/Downloads/deanonymization_project/data/content_types/summaries/opinion/user_58bfeaad.txt
149,user_59d9db83,opinion,/Users/reflowgang/Downloads/deanonymization_project/data/content_types/summaries/opinion/user_59d9db83.txt
150,user_5a5bee64,opinion,/Users/reflowgang/Downloads/deanonymization_project/data/content_types/summaries/opinion/user_5a5bee64.txt
151,user_5a6c91dd,opinion,/Users/reflowgang/Downloads/deanonymization_project/data/content_types/summaries/opinion/user_5a6c91dd.txt
152,user_5a6f92a6,opinion,/Users/reflowgang/Downloads/deanonymization_project/data/content_types/summaries/opinion/user_5a6f92a6.txt
153,user_5ac1a174,opinion,/Users/reflowgang/Downloads/deanonymization_project/data/content_types/summaries/opinion/user_5ac1a174.txt
154,user_5c5a0b40,opinion,/Users/reflowgang/Downloads/deanonymization_project/data/content_types/summaries/opinion/user_5c5a0b40.txt
155,user_5c82df31,opinion,/Users/reflowgang/Downloads/deanonymization_project/data/content_types/summaries/opinion/user_5c82df31.txt
156,user_5d1b0daf,opinion,/Users/reflowgang/Downloads/deanonymization_project/data/content_types/summaries/opinion/user_5d1b0daf.txt
157,user_5f4ee256,opinion,/Users/reflowgang/Downloads/deanonymization_project/data/content_types/summaries/opinion/user_5f4ee256.txt
158,user_61f90240,opinion,/Users/reflowgang/Downloads/deanonymization_project/data/content_types/summaries/opinion/user_61f90240.txt
159,user_63110023,opinion,/Users/reflowgang/Downloads/deanonymization_project/data/content_types/summaries/opinion/user_63110023.txt
160,user_636d1da4,opinion,/Users/reflowgang/Downloads/deanonymization_project/data/content_types/summaries/opinion/user_636d1da4.txt
161,user_6427334a,opinion,/Users/reflowgang/Downloads/deanonymization_project/data/content_types/summaries/opinion/user_6427334a.txt
162,user_6476648d,opinion,/Users/reflowgang/Downloads/deanonymization_project/data/content_types/summaries/opinion/user_6476648d.txt
163,user_649f4327,opinion,/Users/reflowgang/Downloads/deanonymization_project/data/content_types/summaries/opinion/user_649f4327.txt
164,user_6592f2e4,opinion,/Users/reflowgang/Downloads/deanonymization_project/data/content_types/summaries/opinion/user_6592f2e4.txt
165,user_65d73ac1,opinion,/Users/reflowgang/Downloads/deanonymization_project/data/content_types/summaries/opinion/user_65d73ac1.txt
166,user_68d19df8,opinion,/Users/reflowgang/Downloads/deanonymization_project/data/content_types/summaries/opinion/user_68d19df8.txt
167,user_69193575,opinion,/Users/reflowgang/Downloads/deanonymization_project/data/content_types/summaries/opinion/user_69193575.txt
168,user_69a4dd06,opinion,/Users/reflowgang/Downloads/deanonymization_project/data/content_types/summaries/opinion/user_69a4dd06.txt
169,user_69df6330,opinion,/Users/reflowgang/Downloads/deanonymization_project/data/content_types/summaries/opinion/user_69df6330.txt
170,user_6ab1739a,opinion,/Users/reflowgang/Downloads/deanonymization_project/data/content_types/summaries/opinion/user_6ab1739a.txt
171,user_6ab8f7d4,opinion,/Users/reflowgang/Downloads/deanonymization_project/data/content_types/summaries/opinion/user_6ab8f7d4.txt
172,user_6d071251,opinion,/Users/reflowgang/Downloads/deanonymization_project/data/content_types/summaries/opinion/user_6d071251.txt
173,user_6d2cb415,opinion,/Users/reflowgang/Downloads/deanonymization_project/data/content_types/summaries/opinion/user_6d2cb415.txt
174,user_6d421600,opinion,/Users/reflowgang/Downloads/deanonymization_project/data/content_types/summaries/opinion/user_6d421600.txt
175,user_6fa47d61,opinion,/Users/reflowgang/Downloads/deanonymization_project/data/content_types/summaries/opinion/user_6fa47d61.txt
176,user_6fc85c06,opinion,/Users/reflowgang/Downloads/deanonymization_project/data/content_types/summaries/opinion/user_6fc85c06.txt
177,user_6fccf8b5,opinion,/Users/reflowgang/Downloads/deanonymization_project/data/content_types/summaries/opinion/user_6fccf8b5.txt
178,user_723406a0,opinion,/Users/reflowgang/Downloads/deanonymization_project/data/content_types/summaries/opinion/user_723406a0.txt
179,user_72bed676,opinion,/Users/reflowgang/Downloads/deanonymization_project/data/content_types/summaries/opinion/user_72bed676.txt
180,user_7322f4ef,opinion,/Users/reflowgang/Downloads/deanonymization_project/data/content_types/summaries/opinion/user_7322f4ef.txt
181,user_73a4377d,opinion,/Users/reflowgang/Downloads/deanonymization_project/data/content_types/summaries/opinion/user_73a4377d.txt
182,user_73f34c5d,opinion,/Users/reflowgang/Downloads/deanonymization_project/data/content_types/summaries/opinion/user_73f34c5d.txt
183,user_74025dc0,opinion,/Users/reflowgang/Downloads/deanonymization_project/data/content_types/summaries/opinion/user_74025dc0.txt
184,user_74cfb8ef,opinion,/Users/reflowgang/Downloads/deanonymization_project/data/content_types/summaries/opinion/user_74cfb8ef.txt
185,user_74e32d78,opinion,/Users/reflowgang/Downloads/deanonymization_project/data/content_types/summaries/opinion/user_74e32d78.txt
186,user_756e2f00,opinion,/Users/reflowgang/Downloads/deanonymization_project/data/content_types/summaries/opinion/user_756e2f00.txt
187,user_75905116,opinion,/Users/reflowgang/Downloads/deanonymization_project/data/content_types/summaries/opinion/user_75905116.txt
188,user_7709815a,opinion,/Users/reflowgang/Downloads/deanonymization_project/data/content_types/summaries/opinion/user_7709815a.txt
189,user_78eff25f,opinion,/Users/reflowgang/Downloads/deanonymization_project/data/content_types/summaries/opinion/user_78eff25f.txt
190,user_7924afc9,opinion,/Users/reflowgang/Downloads/deanonymization_project/data/content_types/summaries/opinion/user_7924afc9.txt
191,user_795eb408,opinion,/Users/reflowgang/Downloads/deanonymization_project/data/content_types/summaries/opinion/user_795eb408.txt
192,user_79f04645,opinion,/Users/reflowgang/Downloads/deanonymization_project/data/content_types/summaries/opinion/user_79f04645.txt
193,user_7a8f7f3e,opinion,/Users/reflowgang/Downloads/deanonymization_project/data/content_types/summaries/opinion/user_7a8f7f3e.txt
194,user_7b052f32,opinion,/Users/reflowgang/Downloads/deanonymization_project/data/content_types/summaries/opinion/user_7b052f32.txt
195,user_7b4c75ab,opinion,/Users/reflowgang/Downloads/deanonymization_project/data/content_types/summaries/opinion/user_7b4c75ab.txt
196,user_7c7220a4,opinion,/Users/reflowgang/Downloads/deanonymization_project/data/content_types/summaries/opinion/user_7c7220a4.txt
197,user_7fd91653,opinion,/Users/reflowgang/Downloads/deanonymization_project/data/content_types/summaries/opinion/user_7fd91653.txt
198,user_7fef9da8,opinion,/Users/reflowgang/Downloads/deanonymization_project/data/content_types/summaries/opinion/user_7fef9da8.txt
199,user_80da26a6,opinion,/Users/reflowgang/Downloads/deanonymization_project/data/content_types/summaries/opinion/user_80da26a6.txt
200,user_80dc757f,opinion,/Users/reflowgang/Downloads/deanonymization_project/data/content_types/summaries/opinion/user_80dc757f.txt
201,user_81a80789,opinion,/Users/reflowgang/Downloads/deanonymization_project/data/content_types/summaries/opinion/user_81a80789.txt
202,user_8285a696,opinion,/Users/reflowgang/Downloads/deanonymization_project/data/content_types/summaries/opinion/user_8285a696.txt
203,user_829844fd,opinion,/Users/reflowgang/Downloads/deanonymization_project/data/content_types/summaries/opinion/user_829844fd.txt
204,user_82d93459,opinion,/Users/reflowgang/Downloads/deanonymization_project/data/content_types/summaries/opinion/user_82d93459.txt
205,user_83e45cc0,opinion,/Users/reflowgang/Downloads/deanonymization_project/data/content_types/summaries/opinion/user_83e45cc0.txt
206,user_84703a6e,opinion,/Users/reflowgang/Downloads/deanonymization_project/data/content_types/summaries/opinion/user_84703a6e.txt
207,user_84c14a6f,opinion,/Users/reflowgang/Downloads/deanonymization_project/data/content_types/summaries/opinion/user_84c14a6f.txt
208,user_84fe1a7a,opinion,/Users/reflowgang/Downloads/deanonymization_project/data/content_types/summaries/opinion/user_84fe1a7a.txt
209,user_85810097,opinion,/Users/reflowgang/Downloads/deanonymization_project/data/content_types/summaries/opinion/user_85810097.txt
210,user_8663226a,opinion,/Users/reflowgang/Downloads/deanonymization_project/data/content_types/summaries/opinion/user_8663226a.txt
211,user_86685a27,opinion,/Users/reflowgang/Downloads/deanonymization_project/data/content_types/summaries/opinion/user_86685a27.txt
212,user_869fcb2b,opinion,/Users/reflowgang/Downloads/deanonymization_project/data/content_types/summaries/opinion/user_869fcb2b.txt
213,user_8713f22a,opinion,/Users/reflowgang/Downloads/deanonymization_project/data/content_types/summaries/opinion/user_8713f22a.txt
214,user_885e8708,opinion,/Users/reflowgang/Downloads/deanonymization_project/data/content_types/summaries/opinion/user_885e8708.txt
215,user_88f46c7b,opinion,/Users/reflowgang/Downloads/deanonymization_project/data/content_types/summaries/opinion/user_88f46c7b.txt
216,user_89f449b4,opinion,/Users/reflowgang/Downloads/deanonymization_project/data/content_types/summaries/opinion/user_89f449b4.txt
217,user_8afa3eba,opinion,/Users/reflowgang/Downloads/deanonymization_project/data/content_types/summaries/opinion/user_8afa3eba.txt
218,user_8c6db6ed,opinion,/Users/reflowgang/Downloads/deanonymization_project/data/content_types/summaries/opinion/user_8c6db6ed.txt
219,user_8d22714e,opinion,/Users/reflowgang/Downloads/deanonymization_project/data/content_types/summaries/opinion/user_8d22714e.txt
220,user_8d85acb5,opinion,/Users/reflowgang/Downloads/deanonymization_project/data/content_types/summaries/opinion/user_8d85acb5.txt
221,user_8d968cfb,opinion,/Users/reflowgang/Downloads/deanonymization_project/data/content_types/summaries/opinion/user_8d968cfb.txt
222,user_8da30894,opinion,/Users/reflowgang/Downloads/deanonymization_project/data/content_types/summaries/opinion/user_8da30894.txt
223,user_8dd20d7f,opinion,/Users/reflowgang/Downloads/deanonymization_project/data/content_types/summaries/opinion/user_8dd20d7f.txt
224,user_8e48a3f8,opinion,/Users/reflowgang/Downloads/deanonymization_project/data/content_types/summaries/opinion/user_8e48a3f8.txt
225,user_8e97a154,opinion,/Users/reflowgang/Downloads/deanonymization_project/data/content_types/summaries/opinion/user_8e97a154.txt
226,user_8f08aa94,opinion,/Users/reflowgang/Downloads/deanonymization_project/data/content_types/summaries/opinion/user_8f08aa94.txt
227,user_8fe14601,opinion,/Users/reflowgang/Downloads/deanonymization_project/data/content_types/summaries/opinion/user_8fe14601.txt
228,user_90202189,opinion,/Users/reflowgang/Downloads/deanonymization_project/data/content_types/summaries/opinion/user_90202189.txt
229,user_903329bb,opinion,/Users/reflowgang/Downloads/deanonymization_project/data/content_types/summaries/opinion/user_903329bb.txt
230,user_906e2423,opinion,/Users/reflowgang/Downloads/deanonymization_project/data/content_types/summaries/opinion/user_906e2423.txt
231,user_916503d6,opinion,/Users/reflowgang/Downloads/deanonymization_project/data/content_types/summaries/opinion/user_916503d6.txt
232,user_920c074a,opinion,/Users/reflowgang/Downloads/deanonymization_project/data/content_types/summaries/opinion/user_920c074a.txt
233,user_938164a5,opinion,/Users/reflowgang/Downloads/deanonymization_project/data/content_types/summaries/opinion/user_938164a5.txt
234,user_943e4045,opinion,/Users/reflowgang/Downloads/deanonymization_project/data/content_types/summaries/opinion/user_943e4045.txt
235,user_954805d7,opinion,/Users/reflowgang/Downloads/deanonymization_project/data/content_types/summaries/opinion/user_954805d7.txt
236,user_959adfc8,opinion,/Users/reflowgang/Downloads/deanonymization_project/data/content_types/summaries/opinion/user_959adfc8.txt
237,user_95d648bc,opinion,/Users/reflowgang/Downloads/deanonymization_project/data/content_types/summaries/opinion/user_95d648bc.txt
238,user_9600e8bf,opinion,/Users/reflowgang/Downloads/deanonymization_project/data/content_types/summaries/opinion/user_9600e8bf.txt
239,user_9692f077,opinion,/Users/reflowgang/Downloads/deanonymization_project/data/content_types/summaries/opinion/user_9692f077.txt
240,user_96c3cc43,opinion,/Users/reflowgang/Downloads/deanonymization_project/data/content_types/summaries/opinion/user_96c3cc43.txt
241,user_96d9cb9a,opinion,/Users/reflowgang/Downloads/deanonymization_project/data/content_types/summaries/opinion/user_96d9cb9a.txt
242,user_97330742,opinion,/Users/reflowgang/Downloads/deanonymization_project/data/content_types/summaries/opinion/user_97330742.txt
243,user_979ee068,opinion,/Users/reflowgang/Downloads/deanonymization_project/data/content_types/summaries/opinion/user_979ee068.txt
244,user_9818dcae,opinion,/Users/reflowgang/Downloads/deanonymization_project/data/content_types/summaries/opinion/user_9818dcae.txt
245,user_98a676ce,opinion,/Users/reflowgang/Downloads/deanonymization_project/data/content_types/summaries/opinion/user_98a676ce.txt
246,user_98ca16a6,opinion,/Users/reflowgang/Downloads/deanonymization_project/data/content_types/summaries/opinion/user_98ca16a6.txt
247,user_98f18241,opinion,/Users/reflowgang/Downloads/deanonymization_project/data/content_types/summaries/opinion/user_98f18241.txt
248,user_9991e1d8,opinion,/Users/reflowgang/Downloads/deanonymization_project/data/content_types/summaries/opinion/user_9991e1d8.txt
249,user_99c67f2f,opinion,/Users/reflowgang/Downloads/deanonymization_project/data/content_types/summaries/opinion/user_99c67f2f.txt
250,user_9a307ebe,opinion,/Users/reflowgang/Downloads/deanonymization_project/data/content_types/summaries/opinion/user_9a307ebe.txt
251,user_9a5457b0,opinion,/Users/reflowgang/Downloads/deanonymization_project/data/content_types/summaries/opinion/user_9a5457b0.txt
252,user_9b517815,opinion,/Users/reflowgang/Downloads/deanonymization_project/data/content_types/summaries/opinion/user_9b517815.txt
253,user_9bee2a7c,opinion,/Users/reflowgang/Downloads/deanonymization_project/data/content_types/summaries/opinion/user_9bee2a7c.txt
254,user_9c5cd7fa,opinion,/Users/reflowgang/Downloads/deanonymization_project/data/content_types/summaries/opinion/user_9c5cd7fa.txt
255,user_9c5e4782,opinion,/Users/reflowgang/Downloads/deanonymization_project/data/content_types/summaries/opinion/user_9c5e4782.txt
256,user_9c7183c8,opinion,/Users/reflowgang/Downloads/deanonymization_project/data/content_types/summaries/opinion/user_9c7183c8.txt
257,user_9ce96cbf,opinion,/Users/reflowgang/Downloads/deanonymization_project/data/content_types/summaries/opinion/user_9ce96cbf.txt
258,user_9d8095fc,opinion,/Users/reflowgang/Downloads/deanonymization_project/data/content_types/summaries/opinion/user_9d8095fc.txt
259,user_9d9fba70,opinion,/Users/reflowgang/Downloads/deanonymization_project/data/content_types/summaries/opinion/user_9d9fba70.txt
260,user_9dda4af9,opinion,/Users/reflowgang/Downloads/deanonymization_project/data/content_types/summaries/opinion/user_9dda4af9.txt
261,user_9e328c4e,opinion,/Users/reflowgang/Downloads/deanonymization_project/data/content_types/summaries/opinion/user_9e328c4e.txt
262,user_9e39a95d,opinion,/Users/reflowgang/Downloads/deanonymization_project/data/content_types/summaries/opinion/user_9e39a95d.txt
263,user_9ff844ba,opinion,/Users/reflowgang/Downloads/deanonymization_project/data/content_types/summaries/opinion/user_9ff844ba.txt
264,user_a01f16ac,opinion,/Users/reflowgang/Downloads/deanonymization_project/data/content_types/summaries/opinion/user_a01f16ac.txt
265,user_a0fa40f1,opinion,/Users/reflowgang/Downloads/deanonymization_project/data/content_types/summaries/opinion/user_a0fa40f1.txt
266,user_a151ddab,opinion,/Users/reflowgang/Downloads/deanonymization_project/data/content_types/summaries/opinion/user_a151ddab.txt
267,user_a2825b06,opinion,/Users/reflowgang/Downloads/deanonymization_project/data/content_types/summaries/opinion/user_a2825b06.txt
268,user_a2f8bfd2,opinion,/Users/reflowgang/Downloads/deanonymization_project/data/content_types/summaries/opinion/user_a2f8bfd2.txt
269,user_a346dfc4,opinion,/Users/reflowgang/Downloads/deanonymization_project/data/content_types/summaries/opinion/user_a346dfc4.txt
270,user_a4a77a7d,opinion,/Users/reflowgang/Downloads/deanonymization_project/data/content_types/summaries/opinion/user_a4a77a7d.txt
271,user_a4aab257,opinion,/Users/reflowgang/Downloads/deanonymization_project/data/content_types/summaries/opinion/user_a4aab257.txt
272,user_a4ae4e77,opinion,/Users/reflowgang/Downloads/deanonymization_project/data/content_types/summaries/opinion/user_a4ae4e77.txt
273,user_a52dd639,opinion,/Users/reflowgang/Downloads/deanonymization_project/data/content_types/summaries/opinion/user_a52dd639.txt
274,user_a57a04fa,opinion,/Users/reflowgang/Downloads/deanonymization_project/data/content_types/summaries/opinion/user_a57a04fa.txt
275,user_a743aff9,opinion,/Users/reflowgang/Downloads/deanonymization_project/data/content_types/summaries/opinion/user_a743aff9.txt
276,user_a8dc91a3,opinion,/Users/reflowgang/Downloads/deanonymization_project/data/content_types/summaries/opinion/user_a8dc91a3.txt
277,user_a973cf8e,opinion,/Users/reflowgang/Downloads/deanonymization_project/data/content_types/summaries/opinion/user_a973cf8e.txt
278,user_a9ed5193,opinion,/Users/reflowgang/Downloads/deanonymization_project/data/content_types/summaries/opinion/user_a9ed5193.txt
279,user_aaa1e595,opinion,/Users/reflowgang/Downloads/deanonymization_project/data/content_types/summaries/opinion/user_aaa1e595.txt
280,user_ab434739,opinion,/Users/reflowgang/Downloads/deanonymization_project/data/content_types/summaries/opinion/user_ab434739.txt
281,user_ab5592eb,opinion,/Users/reflowgang/Downloads/deanonymization_project/data/content_types/summaries/opinion/user_ab5592eb.txt
282,user_ab8e847b,opinion,/Users/reflowgang/Downloads/deanonymization_project/data/content_types/summaries/opinion/user_ab8e847b.txt
283,user_abde0618,opinion,/Users/reflowgang/Downloads/deanonymization_project/data/content_types/summaries/opinion/user_abde0618.txt
284,user_ac6d6bff,opinion,/Users/reflowgang/Downloads/deanonymization_project/data/content_types/summaries/opinion/user_ac6d6bff.txt
285,user_ac6e9129,opinion,/Users/reflowgang/Downloads/deanonymization_project/data/content_types/summaries/opinion/user_ac6e9129.txt
286,user_acb51eed,opinion,/Users/reflowgang/Downloads/deanonymization_project/data/content_types/summaries/opinion/user_acb51eed.txt
287,user_acb899e9,opinion,/Users/reflowgang/Downloads/deanonymization_project/data/content_types/summaries/opinion/user_acb899e9.txt
288,user_acd6ddfb,opinion,/Users/reflowgang/Downloads/deanonymization_project/data/content_types/summaries/opinion/user_acd6ddfb.txt
289,user_b1c16312,opinion,/Users/reflowgang/Downloads/deanonymization_project/data/content_types/summaries/opinion/user_b1c16312.txt
290,user_b23aa915,opinion,/Users/reflowgang/Downloads/deanonymization_project/data/content_types/summaries/opinion/user_b23aa915.txt
291,user_b2aba63a,opinion,/Users/reflowgang/Downloads/deanonymization_project/data/content_types/summaries/opinion/user_b2aba63a.txt
292,user_b2dd04c8,opinion,/Users/reflowgang/Downloads/deanonymization_project/data/content_types/summaries/opinion/user_b2dd04c8.txt
293,user_b325310b,opinion,/Users/reflowgang/Downloads/deanonymization_project/data/content_types/summaries/opinion/user_b325310b.txt
294,user_b337cb0c,opinion,/Users/reflowgang/Downloads/deanonymization_project/data/content_types/summaries/opinion/user_b337cb0c.txt
295,user_b49274ca,opinion,/Users/reflowgang/Downloads/deanonymization_project/data/content_types/summaries/opinion/user_b49274ca.txt
296,user_b4d7e69a,opinion,/Users/reflowgang/Downloads/deanonymization_project/data/content_types/summaries/opinion/user_b4d7e69a.txt
297,user_b563e90b,opinion,/Users/reflowgang/Downloads/deanonymization_project/data/content_types/summaries/opinion/user_b563e90b.txt
298,user_b5af9db9,opinion,/Users/reflowgang/Downloads/deanonymization_project/data/content_types/summaries/opinion/user_b5af9db9.txt
299,user_b628264a,opinion,/Users/reflowgang/Downloads/deanonymization_project/data/content_types/summaries/opinion/user_b628264a.txt
300,user_b6350ec1,opinion,/Users/reflowgang/Downloads/deanonymization_project/data/content_types/summaries/opinion/user_b6350ec1.txt
301,user_b6b89f00,opinion,/Users/reflowgang/Downloads/deanonymization_project/data/content_types/summaries/opinion/user_b6b89f00.txt
302,user_b7ba6422,opinion,/Users/reflowgang/Downloads/deanonymization_project/data/content_types/summaries/opinion/user_b7ba6422.txt
303,user_b888c512,opinion,/Users/reflowgang/Downloads/deanonymization_project/data/content_types/summaries/opinion/user_b888c512.txt
304,user_b8f24804,opinion,/Users/reflowgang/Downloads/deanonymization_project/data/content_types/summaries/opinion/user_b8f24804.txt
305,user_b9036662,opinion,/Users/reflowgang/Downloads/deanonymization_project/data/content_types/summaries/opinion/user_b9036662.txt
306,user_ba010eec,opinion,/Users/reflowgang/Downloads/deanonymization_project/data/content_types/summaries/opinion/user_ba010eec.txt
307,user_ba463257,opinion,/Users/reflowgang/Downloads/deanonymization_project/data/content_types/summaries/opinion/user_ba463257.txt
308,user_ba8b1c05,opinion,/Users/reflowgang/Downloads/deanonymization_project/data/content_types/summaries/opinion/user_ba8b1c05.txt
309,user_baeb91b3,opinion,/Users/reflowgang/Downloads/deanonymization_project/data/content_types/summaries/opinion/user_baeb91b3.txt
310,user_bb8be7e3,opinion,/Users/reflowgang/Downloads/deanonymization_project/data/content_types/summaries/opinion/user_bb8be7e3.txt
311,user_bbe73426,opinion,/Users/reflowgang/Downloads/deanonymization_project/data/content_types/summaries/opinion/user_bbe73426.txt
312,user_bd19a016,opinion,/Users/reflowgang/Downloads/deanonymization_project/data/content_types/summaries/opinion/user_bd19a016.txt
313,user_bd47000f,opinion,/Users/reflowgang/Downloads/deanonymization_project/data/content_types/summaries/opinion/user_bd47000f.txt
314,user_bdcc6e7d,opinion,/Users/reflowgang/Downloads/deanonymization_project/data/content_types/summaries/opinion/user_bdcc6e7d.txt
315,user_be06391b,opinion,/Users/reflowgang/Downloads/deanonymization_project/data/content_types/summaries/opinion/user_be06391b.txt
316,user_beca29a3,opinion,/Users/reflowgang/Downloads/deanonymization_project/data/content_types/summaries/opinion/user_beca29a3.txt
317,user_bf30f80d,opinion,/Users/reflowgang/Downloads/deanonymization_project/data/content_types/summaries/opinion/user_bf30f80d.txt
318,user_c008345b,opinion,/Users/reflowgang/Downloads/deanonymization_project/data/content_types/summaries/opinion/user_c008345b.txt
319,user_c0392523,opinion,/Users/reflowgang/Downloads/deanonymization_project/data/content_types/summaries/opinion/user_c0392523.txt
320,user_c06d9b71,opinion,/Users/reflowgang/Downloads/deanonymization_project/data/content_types/summaries/opinion/user_c06d9b71.txt
321,user_c0eba9f2,opinion,/Users/reflowgang/Downloads/deanonymization_project/data/content_types/summaries/opinion/user_c0eba9f2.txt
322,user_c130412b,opinion,/Users/reflowgang/Downloads/deanonymization_project/data/content_types/summaries/opinion/user_c130412b.txt
323,user_c154e834,opinion,/Users/reflowgang/Downloads/deanonymization_project/data/content_types/summaries/opinion/user_c154e834.txt
324,user_c157ca97,opinion,/Users/reflowgang/Downloads/deanonymization_project/data/content_types/summaries/opinion/user_c157ca97.txt
325,user_c204a1dd,opinion,/Users/reflowgang/Downloads/deanonymization_project/data/content_types/summaries/opinion/user_c204a1dd.txt
326,user_c2f18cf7,opinion,/Users/reflowgang/Downloads/deanonymization_project/data/content_types/summaries/opinion/user_c2f18cf7.txt
327,user_c3040c7c,opinion,/Users/reflowgang/Downloads/deanonymization_project/data/content_types/summaries/opinion/user_c3040c7c.txt
328,user_c39d41d7,opinion,/Users/reflowgang/Downloads/deanonymization_project/data/content_types/summaries/opinion/user_c39d41d7.txt
329,user_c41de62b,opinion,/Users/reflowgang/Downloads/deanonymization_project/data/content_types/summaries/opinion/user_c41de62b.txt
330,user_c4c70447,opinion,/Users/reflowgang/Downloads/deanonymization_project/data/content_types/summaries/opinion/user_c4c70447.txt
331,user_c50a487d,opinion,/Users/reflowgang/Downloads/deanonymization_project/data/content_types/summaries/opinion/user_c50a487d.txt
332,user_c536b01d,opinion,/Users/reflowgang/Downloads/deanonymization_project/data/content_types/summaries/opinion/user_c536b01d.txt
333,user_c5c57a9d,opinion,/Users/reflowgang/Downloads/deanonymization_project/data/content_types/summaries/opinion/user_c5c57a9d.txt
334,user_c5f32c0d,opinion,/Users/reflowgang/Downloads/deanonymization_project/data/content_types/summaries/opinion/user_c5f32c0d.txt
335,user_c60d65b5,opinion,/Users/reflowgang/Downloads/deanonymization_project/data/content_types/summaries/opinion/user_c60d65b5.txt
336,user_c67f26cc,opinion,/Users/reflowgang/Downloads/deanonymization_project/data/content_types/summaries/opinion/user_c67f26cc.txt
337,user_c709e252,opinion,/Users/reflowgang/Downloads/deanonymization_project/data/content_types/summaries/opinion/user_c709e252.txt
338,user_c809e3d2,opinion,/Users/reflowgang/Downloads/deanonymization_project/data/content_types/summaries/opinion/user_c809e3d2.txt
339,user_c8e749e2,opinion,/Users/reflowgang/Downloads/deanonymization_project/data/content_types/summaries/opinion/user_c8e749e2.txt
340,user_c903d3bb,opinion,/Users/reflowgang/Downloads/deanonymization_project/data/content_types/summaries/opinion/user_c903d3bb.txt
341,user_c994138f,opinion,/Users/reflowgang/Downloads/deanonymization_project/data/content_types/summaries/opinion/user_c994138f.txt
342,user_caa6a7b6,opinion,/Users/reflowgang/Downloads/deanonymization_project/data/content_types/summaries/opinion/user_caa6a7b6.txt
343,user_cb2fe204,opinion,/Users/reflowgang/Downloads/deanonymization_project/data/content_types/summaries/opinion/user_cb2fe204.txt
344,user_cb8245f7,opinion,/Users/reflowgang/Downloads/deanonymization_project/data/content_types/summaries/opinion/user_cb8245f7.txt
345,user_cdd86523,opinion,/Users/reflowgang/Downloads/deanonymization_project/data/content_types/summaries/opinion/user_cdd86523.txt
346,user_cf393213,opinion,/Users/reflowgang/Downloads/deanonymization_project/data/content_types/summaries/opinion/user_cf393213.txt
347,user_d023a78e,opinion,/Users/reflowgang/Downloads/deanonymization_project/data/content_types/summaries/opinion/user_d023a78e.txt
348,user_d074356a,opinion,/Users/reflowgang/Downloads/deanonymization_project/data/content_types/summaries/opinion/user_d074356a.txt
349,user_d10d1f24,opinion,/Users/reflowgang/Downloads/deanonymization_project/data/content_types/summaries/opinion/user_d10d1f24.txt
350,user_d14b7d7b,opinion,/Users/reflowgang/Downloads/deanonymization_project/data/content_types/summaries/opinion/user_d14b7d7b.txt
351,user_d2c97c8e,opinion,/Users/reflowgang/Downloads/deanonymization_project/data/content_types/summaries/opinion/user_d2c97c8e.txt
352,user_d4b7e22e,opinion,/Users/reflowgang/Downloads/deanonymization_project/data/content_types/summaries/opinion/user_d4b7e22e.txt
353,user_d50d7985,opinion,/Users/reflowgang/Downloads/deanonymization_project/data/content_types/summaries/opinion/user_d50d7985.txt
354,user_d5d4fc6e,opinion,/Users/reflowgang/Downloads/deanonymization_project/data/content_types/summaries/opinion/user_d5d4fc6e.txt
355,user_d761140c,opinion,/Users/reflowgang/Downloads/deanonymization_project/data/content_types/summaries/opinion/user_d761140c.txt
356,user_d849ac6e,opinion,/Users/reflowgang/Downloads/deanonymization_project/data/content_types/summaries/opinion/user_d849ac6e.txt
357,user_d955d7e2,opinion,/Users/reflowgang/Downloads/deanonymization_project/data/content_types/summaries/opinion/user_d955d7e2.txt
358,user_da51dede,opinion,/Users/reflowgang/Downloads/deanonymization_project/data/content_types/summaries/opinion/user_da51dede.txt
359,user_dac2c359,opinion,/Users/reflowgang/Downloads/deanonymization_project/data/content_types/summaries/opinion/user_dac2c359.txt
360,user_daf37424,opinion,/Users/reflowgang/Downloads/deanonymization_project/data/content_types/summaries/opinion/user_daf37424.txt
361,user_db4c3fb9,opinion,/Users/reflowgang/Downloads/deanonymization_project/data/content_types/summaries/opinion/user_db4c3fb9.txt
362,user_dbbf562e,opinion,/Users/reflowgang/Downloads/deanonymization_project/data/content_types/summaries/opinion/user_dbbf562e.txt
363,user_dc326993,opinion,/Users/reflowgang/Downloads/deanonymization_project/data/content_types/summaries/opinion/user_dc326993.txt
364,user_dc32d458,opinion,/Users/reflowgang/Downloads/deanonymization_project/data/content_types/summaries/opinion/user_dc32d458.txt
365,user_dca78fea,opinion,/Users/reflowgang/Downloads/deanonymization_project/data/content_types/summaries/opinion/user_dca78fea.txt
366,user_dd0bd02d,opinion,/Users/reflowgang/Downloads/deanonymization_project/data/content_types/summaries/opinion/user_dd0bd02d.txt
367,user_df8dc9bb,opinion,/Users/reflowgang/Downloads/deanonymization_project/data/content_types/summaries/opinion/user_df8dc9bb.txt
368,user_dffc0da5,opinion,/Users/reflowgang/Downloads/deanonymization_project/data/content_types/summaries/opinion/user_dffc0da5.txt
369,user_e0c65725,opinion,/Users/reflowgang/Downloads/deanonymization_project/data/content_types/summaries/opinion/user_e0c65725.txt
370,user_e10c98bb,opinion,/Users/reflowgang/Downloads/deanonymization_project/data/content_types/summaries/opinion/user_e10c98bb.txt
371,user_e14b88a8,opinion,/Users/reflowgang/Downloads/deanonymization_project/data/content_types/summaries/opinion/user_e14b88a8.txt
372,user_e1730a9c,opinion,/Users/reflowgang/Downloads/deanonymization_project/data/content_types/summaries/opinion/user_e1730a9c.txt
373,user_e409a56d,opinion,/Users/reflowgang/Downloads/deanonymization_project/data/content_types/summaries/opinion/user_e409a56d.txt
374,user_e4ab67b6,opinion,/Users/reflowgang/Downloads/deanonymization_project/data/content_types/summaries/opinion/user_e4ab67b6.txt
375,user_e4f8ab0c,opinion,/Users/reflowgang/Downloads/deanonymization_project/data/content_types/summaries/opinion/user_e4f8ab0c.txt
376,user_e51692a6,opinion,/Users/reflowgang/Downloads/deanonymization_project/data/content_types/summaries/opinion/user_e51692a6.txt
377,user_e59c000f,opinion,/Users/reflowgang/Downloads/deanonymization_project/data/content_types/summaries/opinion/user_e59c000f.txt
378,user_e64d80ba,opinion,/Users/reflowgang/Downloads/deanonymization_project/data/content_types/summaries/opinion/user_e64d80ba.txt
379,user_e6dd44b0,opinion,/Users/reflowgang/Downloads/deanonymization_project/data/content_types/summaries/opinion/user_e6dd44b0.txt
380,user_e7a55eac,opinion,/Users/reflowgang/Downloads/deanonymization_project/data/content_types/summaries/opinion/user_e7a55eac.txt
381,user_e802076d,opinion,/Users/reflowgang/Downloads/deanonymization_project/data/content_types/summaries/opinion/user_e802076d.txt
382,user_e838707b,opinion,/Users/reflowgang/Downloads/deanonymization_project/data/content_types/summaries/opinion/user_e838707b.txt
383,user_e8613813,opinion,/Users/reflowgang/Downloads/deanonymization_project/data/content_types/summaries/opinion/user_e8613813.txt
384,user_e88c308b,opinion,/Users/reflowgang/Downloads/deanonymization_project/data/content_types/summaries/opinion/user_e88c308b.txt
385,user_e8a7be73,opinion,/Users/reflowgang/Downloads/deanonymization_project/data/content_types/summaries/opinion/user_e8a7be73.txt
386,user_e8e9acac,opinion,/Users/reflowgang/Downloads/deanonymization_project/data/content_types/summaries/opinion/user_e8e9acac.txt
387,user_e9d1886c,opinion,/Users/reflowgang/Downloads/deanonymization_project/data/content_types/summaries/opinion/user_e9d1886c.txt
388,user_ea67f9c6,opinion,/Users/reflowgang/Downloads/deanonymization_project/data/content_types/summaries/opinion/user_ea67f9c6.txt
389,user_ebe17c78,opinion,/Users/reflowgang/Downloads/deanonymization_project/data/content_types/summaries/opinion/user_ebe17c78.txt
390,user_ecba8131,opinion,/Users/reflowgang/Downloads/deanonymization_project/data/content_types/summaries/opinion/user_ecba8131.txt
391,user_ecc1ca0a,opinion,/Users/reflowgang/Downloads/deanonymization_project/data/content_types/summaries/opinion/user_ecc1ca0a.txt
392,user_ed1aaed8,opinion,/Users/reflowgang/Downloads/deanonymization_project/data/content_types/summaries/opinion/user_ed1aaed8.txt
393,user_ee05ee55,opinion,/Users/reflowgang/Downloads/deanonymization_project/data/content_types/summaries/opinion/user_ee05ee55.txt
394,user_ee14f818,opinion,/Users/reflowgang/Downloads/deanonymization_project/data/content_types/summaries/opinion/user_ee14f818.txt
395,user_ee8d5ec5,opinion,/Users/reflowgang/Downloads/deanonymization_project/data/content_types/summaries/opinion/user_ee8d5ec5.txt
396,user_ef954c6e,opinion,/Users/reflowgang/Downloads/deanonymization_project/data/content_types/summaries/opinion/user_ef954c6e.txt
397,user_efcacf59,opinion,/Users/reflowgang/Downloads/deanonymization_project/data/content_types/summaries/opinion/user_efcacf59.txt
398,user_f070eee7,opinion,/Users/reflowgang/Downloads/deanonymization_project/data/content_types/summaries/opinion/user_f070eee7.txt
399,user_f0b144fc,opinion,/Users/reflowgang/Downloads/deanonymization_project/data/content_types/summaries/opinion/user_f0b144fc.txt
400,user_f0cf195f,opinion,/Users/reflowgang/Downloads/deanonymization_project/data/content_types/summaries/opinion/user_f0cf195f.txt
401,user_f107081e,opinion,/Users/reflowgang/Downloads/deanonymization_project/data/content_types/summaries/opinion/user_f107081e.txt
402,user_f27da10a,opinion,/Users/reflowgang/Downloads/deanonymization_project/data/content_types/summaries/opinion/user_f27da10a.txt
403,user_f3377028,opinion,/Users/reflowgang/Downloads/deanonymization_project/data/content_types/summaries/opinion/user_f3377028.txt
404,user_f368b9da,opinion,/Users/reflowgang/Downloads/deanonymization_project/data/content_types/summaries/opinion/user_f368b9da.txt
405,user_f43d6008,opinion,/Users/reflowgang/Downloads/deanonymization_project/data/content_types/summaries/opinion/user_f43d6008.txt
406,user_f4f9490d,opinion,/Users/reflowgang/Downloads/deanonymization_project/data/content_types/summaries/opinion/user_f4f9490d.txt
407,user_f5138e15,opinion,/Users/reflowgang/Downloads/deanonymization_project/data/content_types/summaries/opinion/user_f5138e15.txt
408,user_f5fea76f,opinion,/Users/reflowgang/Downloads/deanonymization_project/data/content_types/summaries/opinion/user_f5fea76f.txt
409,user_f60a09b3,opinion,/Users/reflowgang/Downloads/deanonymization_project/data/content_types/summaries/opinion/user_f60a09b3.txt
410,user_f75c71f0,opinion,/Users/reflowgang/Downloads/deanonymization_project/data/content_types/summaries/opinion/user_f75c71f0.txt
411,user_f7bb8af1,opinion,/Users/reflowgang/Downloads/deanonymization_project/data/content_types/summaries/opinion/user_f7bb8af1.txt
412,user_f7fd2885,opinion,/Users/reflowgang/Downloads/deanonymization_project/data/content_types/summaries/opinion/user_f7fd2885.txt
413,user_f827c7dd,opinion,/Users/reflowgang/Downloads/deanonymization_project/data/content_types/summaries/opinion/user_f827c7dd.txt
414,user_f8e2246f,opinion,/Users/reflowgang/Downloads/deanonymization_project/data/content_types/summaries/opinion/user_f8e2246f.txt
415,user_f930e37f,opinion,/Users/reflowgang/Downloads/deanonymization_project/data/content_types/summaries/opinion/user_f930e37f.txt
416,user_f959eee4,opinion,/Users/reflowgang/Downloads/deanonymization_project/data/content_types/summaries/opinion/user_f959eee4.txt
417,user_fa60616d,opinion,/Users/reflowgang/Downloads/deanonymization_project/data/content_types/summaries/opinion/user_fa60616d.txt
418,user_fa69a385,opinion,/Users/reflowgang/Downloads/deanonymization_project/data/content_types/summaries/opinion/user_fa69a385.txt
419,user_fb427339,opinion,/Users/reflowgang/Downloads/deanonymization_project/data/content_types/summaries/opinion/user_fb427339.txt
420,user_fb64cb55,opinion,/Users/reflowgang/Downloads/deanonymization_project/data/content_types/summaries/opinion/user_fb64cb55.txt
421,user_fb8f46c8,opinion,/Users/reflowgang/Downloads/deanonymization_project/data/content_types/summaries/opinion/user_fb8f46c8.txt
422,user_fbed237d,opinion,/Users/reflowgang/Downloads/deanonymization_project/data/content_types/summaries/opinion/user_fbed237d.txt
423,user_fc1cfe0b,opinion,/Users/reflowgang/Downloads/deanonymization_project/data/content_types/summaries/opinion/user_fc1cfe0b.txt
424,user_fca58a87,opinion,/Users/reflowgang/Downloads/deanonymization_project/data/content_types/summaries/opinion/user_fca58a87.txt
425,user_fcf93ee8,opinion,/Users/reflowgang/Downloads/deanonymization_project/data/content_types/summaries/opinion/user_fcf93ee8.txt
426,user_fdc08e26,opinion,/Users/reflowgang/Downloads/deanonymization_project/data/content_types/summaries/opinion/user_fdc08e26.txt
427,user_fdcaaf41,opinion,/Users/reflowgang/Downloads/deanonymization_project/data/content_types/summaries/opinion/user_fdcaaf41.txt
428,user_fde2d265,opinion,/Users/reflowgang/Downloads/deanonymization_project/data/content_types/summaries/opinion/user_fde2d265.txt
429,user_fe922ad0,opinion,/Users/reflowgang/Downloads/deanonymization_project/data/content_types/summaries/opinion/user_fe922ad0.txt
430,user_ff39b6cf,opinion,/Users/reflowgang/Downloads/deanonymization_project/data/content_types/summaries/opinion/user_ff39b6cf.txt
431,user_ff591131,opinion,/Users/reflowgang/Downloads/deanonymization_project/data/content_types/summaries/opinion/user_ff591131.txt
